category_key,icon,picture_gfx,priority
debug_decisions,generic_research,,
propaganda_efforts,generic_propaganda,,
MTG_naval_treaties,,GFX_decision_cat_picture_naval_treaties,10
SAF_anti_colonialist_crusade,,,
war_measures,generic_propaganda,,
operations,GFX_decision_category_military_operation,,9
foreign_support,generic_political_actions,,
prestigious_projects,,,
CHI_occupation_actions,generic_crisis,,2
foreign_politics,generic_political_actions,,
political_actions,generic_political_actions,,
foreign_influence,generic_political_actions,,
fascism_on_the_rise,generic_fascism,,
democratic_on_the_rise,generic_democracy,,
communism_on_the_rise,generic_communism,,
crisis,generic_crisis,,100
demobilization,generic_crisis,,100
economy_decisions,generic_economy,,
prospect_for_resources,generic_prospect_for_resources,,
special_projects,generic_prospect_for_resources,,
governments_in_exile,generic_formable_nations,GFX_decision_cat_picture_government_in_exile,7
category_exile_forces,infiltration,GFX_decision_cat_picture_government_in_exile,6
category_test_decisions,,,110
lar_local_recruitment,,,
nato_decisions,,generic_democracy,100
foreign_mio_decisions_category,,generic_economy,5
generic_purchase_old_ships_category,GFX_decision_category_MTG_naval_treaties,GFX_decision_cat_picture_naval_treaties,
generic_refit_civilian_ships_category,GFX_decision_category_MTG_naval_treaties,GFX_decision_cat_picture_generic_shipbuilding,
form_scandinavia_category,generic_formable_nations,GFX_decision_cat_generic_scandinavia,
form_nordic_league_category,generic_formable_nations,GFX_decision_cat_generic_nordic_league,
form_north_sea_category,generic_formable_nations,GFX_decision_cat_generic_north_sea_empire,
form_baltic_sea_empire_category,generic_formable_nations,GFX_decision_cat_generic_baltic_sea_dominion,
form_gran_colombia_category,generic_formable_nations,GFX_decision_cat_generic_gran_colombia,
form_austria_hungary_category,GFX_decision_cat_generic_austria_hungary_icon,GFX_decision_cat_generic_austria_hungary,
form_commonwealth_category,generic_formable_nations,GFX_decision_cat_generic_commonwealth,
form_united_netherlands_category,generic_formable_nations,GFX_decision_cat_generic_united_netherlands,
form_united_central_america_category,generic_formable_nations,GFX_decision_cat_generic_united_central_america,
form_baltic_federation_category,generic_formable_nations,GFX_decision_cat_generic_baltic_federation,
form_ottoman_empire_category,generic_formable_nations,GFX_decision_cat_generic_ottoman_empire,
form_european_union_category,generic_formable_nations,GFX_decision_cat_generic_european_union,
form_mutapa_category,generic_formable_nations,GFX_decision_cat_generic_mutapa,
form_roman_empire_category,generic_formable_nations,GFX_decision_cat_generic_roman_empire,
form_persian_empire_category,generic_formable_nations,GFX_decision_cat_generic_persian_empire,
form_byzantine_empire_category,generic_formable_nations,GFX_decision_cat_generic_byzantine_empire,
form_arabia_category,generic_formable_nations,GFX_decision_cat_generic_arabia,
form_majapahit_empire_category,generic_formable_nations,GFX_decision_cat_generic_majapahit_empire,
form_rattanakosin_kingdom_category,generic_formable_nations,GFX_decision_cat_generic_rattanakosin_kingdom,
form_hre_category,generic_formable_nations,GFX_decision_cat_generic_hre,
form_greater_german_reich_category,generic_formable_nations,GFX_decision_cat_picture_greater_german_reich,
form_greater_german_state_category,generic_formable_nations,GFX_decision_cat_picture_greater_proletarian_germany,
form_andalusia_category,generic_formable_nations,GFX_decision_cat_generic_arabia,
form_polynesia_category,generic_formable_nations,GFX_decision_cat_picture_generic_polynesia,
form_greater_greece_category,generic_formable_nations,GFX_decision_cat_picture_form_greater_greece,
form_turan_category,generic_formable_nations,GFX_decision_cat_picture_form_turan,
form_macedonian_empire_category,generic_formable_nations,GFX_decision_cat_generic_byzantine_empire,
form_turkestan_category,generic_formable_nations,GFX_decision_cat_picture_form_turan,
form_mountainous_republic_category,generic_formable_nations,GFX_decision_cat_picture_form_mountainous_republic,
form_transcaucasus_category,generic_formable_nations,GFX_decision_cat_picture_form_transcaucasian_republic,
form_siberia_category,generic_formable_nations,GFX_decision_cat_picture_form_siberian_republic,
form_idel_ural_category,generic_formable_nations,GFX_decision_cat_picture_form_idel_uralic_republic,
form_ethiopian_empire_category,generic_formable_nations,GFX_decision_cat_picture_form_ethiopian_empire,
form_east_africa_category,generic_formable_nations,GFX_decision_cat_picture_form_east_africa,
form_horn_of_africa_africa_category,generic_formable_nations,GFX_decision_cat_picture_form_the_horn_of_africa,
greater_italy_category,generic_formable_nations,GFX_decision_cat_picture_greater_italy,
form_sweden_hungary_category,generic_formable_nations,GFX_decision_cat_generic_sweden_hungary,
antilles_category,generic_formable_nations,GFX_decision_cat_picture_generic_unified_antilles,
hispaniola_category,generic_formable_nations,GFX_decision_cat_picture_generic_unified_hispaniola,
peru_bolivia_category,generic_formable_nations,GFX_decision_cat_picture_PER_unified_peru_bolivia,
guianas_category,generic_formable_nations,GFX_decision_cat_picture_generic_united_guiana,
latin_africa_category,generic_formable_nations,GFX_decision_cat_picture_generic_unified_latin_africa,
maghreb_formable_category,generic_formable_nations,GFX_decision_cat_picture_form_maghreb,
germany_formable_category,generic_formable_nations,GFX_decision_cat_picture_unite_germany,
greater_mongolia_category,generic_formable_nations,GFX_decision_cat_picture_form_greater_mongolia,
greater_hui_state_category,generic_formable_nations,GFX_decision_cat_picture_form_united_hui_state,
neo_assyrian_empire_category,generic_formable_nations,GFX_decision_cat_picture_neo_assyrian_empire,
raj_formable_cat,generic_formable_nations,,
neo_mesopotamia_category,generic_formable_nations,GFX_decision_cat_picture_neo_assyrian_empire,
form_maphilindo_category,generic_formable_nations,GFX_decision_cat_picture_form_maphilindo,
AFG_oil_concessions_category,GFX_decision_category_generic_prospect_for_resources,,50
AFG_radical_students_category,GFX_decision_category_SOV_propaganda,,60
AFG_cross_border_ties_category,GFX_decision_category_border_conflicts,,60
AFG_quami_category,GFX_decision_category_NOR_fascist_deploy_prep,GFX_decision_cat_picture_generic_border_conflicts,10
AFG_foreign_intervention_category,GFX_decision_category_border_conflicts,GFX_decision_cat_picture_generic_border_conflicts,5
AFG_develop_central_asia_category,GFX_decision_category_gre_paying_ifc_debt,GFX_decision_cat_picture_chi_political_support,5
AFG_shadows_of_the_emir_category,GFX_decision_spr_political_assassination,GFX_decision_cat_picture_NOR_fascist_war,5
AFG_turko_persian_heritage_category,GFX_decision_spr_political_assassination,GFX_decision_cat_generic_persian_empire,20
AFG_turkik_alliance_category,GFX_decision_category_border_conflicts,,20
AFG_kabul_conference_category,GFX_decision_category_border_conflicts,,40
AFG_turkestan_legion_cat,GFX_decision_category_ger_reichskommissariats,,20
AFG_sikh_recruitment_cat,GFX_decision_category_army_reform,,5
ARG_intervenciones_federales_decisions,GFX_decision_category_generic_political_actions,GFX_decision_cat_picture_soviet_comecon,35
ARG_international_loan_decisions,GFX_decision_category_gre_paying_ifc_debt,GFX_decision_cat_picture_ARG_international_loan_decisions,35
ARG_balancing_act_decisions,GFX_decision_category_power_struggle,GFX_decision_cat_picture_soviet_national_academy_of_sciences,35
ARG_military_coup_decisions,GFX_decision_category_SOV_propaganda,GFX_decision_cat_picture_spr_the_inevitable_civil_war,35
ARG_south_american_unity_decisions,GFX_decision_category_generic,GFX_decision_cat_picture_chi_political_support,35
ARG_island_negotiations_decisions,GFX_decision_category_generic_political_actions,GFX_decision_cat_picture_ARG_island_negotiations_decisions,35
AUS_antischluss_category,GFX_decision_category_generic_crisis,GFX_decision_cat_picture_antischluss_measures,100
AUS_supporting_italy_in_ethiopia_category,GFX_decision_category_NOR_fascist_deploy_prep,GFX_decision_cat_picture_fatherland_front,90
AUS_becoming_grossosterreich_category,GFX_decision_category_AUS_becoming_grossosterreich_category,GFX_decision_cat_picture_becoming_grossosterreich,150
AUS_subjugating_the_lands_of_old_category,GFX_decision_hol_draw_up_staff_plans,GFX_decision_cat_generic_austria_hungary,80
AUS_the_danubian_federation_category,GFX_decision_generic_political_address,GFX_decision_cat_picture_danubian_federation,80
AUS_danubian_communism_category,GFX_decision_category_SOV_permanent_revolution,GFX_decision_cat_picture_chi_political_support,80
AUS_reintegrating_the_empire_category,GFX_decision_category_generic_political_actions,,80
african_union_category,GFX_decision_category_ETH_orginization_of_african_unity,GFX_decision_cat_picture_generic_african_unity,
LIT_iron_wolf_coup,saf_anti_colonialist_crusade,,10
LIT_iron_wolf_appeasement,saf_anti_colonialist_crusade,,9
support_polish_falange_decisions,saf_anti_colonialist_crusade,,9
EST_vaps_revolt_category,GFX_decision_category_generic_fascism,,10
EST_fight_vaps_decisions,GFX_decision_category_eng_move_to_secure_the_dominions,,9
march_through_estonia,GFX_decision_category_eng_move_to_secure_the_dominions,,10
EST_convert_FIN_cat,GFX_decision_category_eng_move_to_secure_the_dominions,,10
LAT_perkonkrust_revolt_category,GFX_decision_category_generic_fascism,,10
LAT_delay_perkonkrust_decisions,GFX_decision_category_eng_move_to_secure_the_dominions,,9
promote_baltic_fascism_cat,GFX_decision_category_eng_move_to_secure_the_dominions,,9
BALTIC_entente,GFX_decision_category_eng_move_to_secure_the_dominions,,
convert_neighbours_baltic_cat,GFX_decision_category_eng_move_to_secure_the_dominions,,
infiltrate_belarus_decisions,GFX_decision_category_eng_move_to_secure_the_dominions,,
BALTIC_forest_brother_resistance_cat,GFX_decision_category_eng_move_to_secure_the_dominions,,
BEL_gold_reserves_cat,GFX_decision_category_generic_economy,,10
BEL_belgian_defences_cat,GFX_decision_category_spr_the_seeds_of_revolution,,10
BEL_government_in_exile_cat,GFX_decision_category_spr_the_seeds_of_revolution,,10
BEL_closer_european_union_cat,GFX_decision_category_generic_political_actions,,10
BEL_cores_in_gallic_france_cat,GFX_decision_category_generic_propaganda,,8
BEL_intervention_in_spain_cat,GFX_decision_category_generic_crisis,,8
BEL_rekindle_the_red_flame_cat,GFX_decision_category_generic_communism,,10
BOL_bolivian_irredentism,GFX_decision_category_eng_move_to_secure_the_dominions,,100
BRA_industrial_decisions,GFX_decision_category_generic_economy,GFX_decision_cat_generic_mefo_bills,40
BRA_ensure_support_cat,GFX_decision_category_military_operation,GFX_decision_category_military_operation,50
BRA_amazonian_settlement_cat,GFX_decision_category_generic_political_actions,GFX_decision_category_generic_political_actions,45
BRA_propaganda_campaigns,SOV_propaganda,,100
BRA_cangaceiro_decision_cat,GFX_decision_category_power_struggle,GFX_decision_cat_picture_BRA_cangaco,10
BRA_good_neighbor_decisions,GFX_decision_category_usa_intervention_mandate,GFX_decision_cat_picture_naval_treaties,10
BRA_mercosul_decisions,GFX_decision_category_generic_fascism,GFX_decision_cat_picture_NOR_fascist_war,5
BRA_organization_of_american_states_decision_cat,GFX_decision_category_usa_congress,GFX_decision_cat_picture_soviet_national_academy_of_sciences,10
BRA_jaguar_diplomacy_cat,GFX_decision_category_generic_political_actions,GFX_decision_cat_picture_chi_political_support,4
BRA_oust_the_empires_decision_cat,GFX_decision_category_saf_anti_colonialist_crusade,,60
BRA_sway_the_neighbors_cat,GFX_decision_category_generic_communism,GFX_decision_cat_picture_chi_political_support,90
BRA_counter_influence_cat,GFX_decision_category_eng_move_to_secure_the_dominions,GFX_decision_cat_picture_chi_political_support,90
BRA_invite_foreign_companies_cat,GFX_decision_category_ITA_reggianes_exports,GFX_decision_cat_generic_mefo_bills,50
BRA_america_do_sul_cat,GFX_decision_category_generic_fascism,GFX_decision_cat_generic_gran_colombia,60
BRA_us_of_south_america_cat,GFX_decision_category_generic_democracy,GFX_decision_cat_generic_gran_colombia,60
BRA_foreign_legion_cat,GFX_decision_category_military_operation,GFX_decision_cat_picture_NOR_fascist_war,60
BUL_internal_factions,power_struggle,GFX_decision_cat_picture_faction_management_bulgaria,10
BUL_macedonian_revolutionary_organizations,spr_political_assassination,GFX_decision_cat_picture_macedonian_organizations,8
BUL_macedonian_revolutionary_organizations_foreign,spr_political_assassination,GFX_decision_cat_picture_macedonian_organizations,
BUL_the_fatherland_front_dec_cat,generic_communism,GFX_decision_cat_picture_fatherland_front,9
BUL_rearmament,ger_military_buildup,,6
BUL_foreign_agreements,generic_political_actions,GFX_decision_cat_picture_gateway_to_europe,
BUL_purchase_equipment,generic_arms_trade,,
BUL_negotiate_claims_in_the_balkans,generic_fascism,,8
BUL_bulgarian_administration_of_the_balkans,GFX_decision_category_eng_move_to_secure_the_dominions,,8
BUL_align_bulgaria,generic_fascism,,
BUL_the_balkan_federation_dream,generic_political_actions,GFX_decision_cat_picture_balkan_federation,
BUL_plot_against_boris_dec_cat,GFX_decision_spr_political_assassination,GFX_decision_cat_picture_plot_against_boris,
BUL_the_fate_of_the_balkans_dec_cat,GFX_decision_category_eng_move_to_secure_the_dominions,GFX_decision_cat_picture_balkan_faction,
BUL_dominance_in_the_seas,GFX_decision_category_hol_prepare_the_inundation_lines,,1000
BUL_balkan_confederation,GFX_decision_category_generic_democracy,GFX_decision_cat_picture_balkan_faction,1000
CHI_anti_imperialism,generic_independence,,
CHI_warlord_core_territories_cat,generic_independence,,
CHI_army_reform,army_reform,,
CHI_integrate_the_warlords,generic_political_actions,,
CHI_industrial_evacuations,generic_industry,,110
CHI_xian_incident,power_struggle,,
CHI_communist_infiltration,infiltration,,
PRC_provoke_japan,revolt,,
CHI_seek_japanese_support,jap_pacific_guardian,,
CHI_border_clashes,border_conflicts,generic_border_conflicts,90
CHI_warlord_in_opposition,,,
CHI_political_power_struggle,power_struggle,GFX_decision_cat_picture_chi_political_support,
CHI_republican_interests_cat,GFX_decision_category_generic_formable_nations,,100
CHI_the_political_tutelage_cat,GFX_decision_category_generic_democracy,,150
CHI_united_front,generic_independence,,
CHI_war_of_resistance_cat,generic_independence,,100
CHI_internal_politics_cat,GFX_decision_category_generic_political_actions,,
CHI_lend_lease_missions_cat,generic_independence,,101
CHI_army_planing_decisions,generic_independence,,
CHI_integrate_the_warlords_sea_cat,,,125
CHI_integrate_the_warlords_democratic_sea_cat,GFX_decision_category_eng_move_to_secure_the_dominions,GFX_decision_cat_picture_government_in_exile,100
CHI_avoid_another_crisis_cat,GFX_decision_category_jap_intervene_in_china,GFX_decision_cat_picture_generic_border_conflicts,100
CHI_move_mios_cat,,,30
CHI_the_lingguang_incident_cat,GFX_decision_category_jap_intervene_in_china,GFX_decision_cat_picture_generic_border_conflicts,100
SND_unclear_loyalties_cat,GFX_decision_category_jap_intervene_in_china,GFX_decision_cat_picture_generic_border_conflicts,100
CHI_build_up_our_faction_cat,GFX_decision_category_jap_intervene_in_china,GFX_decision_cat_picture_generic_border_conflicts,100
CHI_war_in_sinkiang,GFX_decision_category_NOR_fascist_deploy_prep,,100
SIC_xikang_offensive,GFX_decision_category_NOR_fascist_deploy_prep,,100
CHI_tsr_power_struggle_cat,power_struggle,GFX_decision_cat_picture_chi_political_support,100
CHI_tsr_renegotiating_with_warlords_cat,GFX_decision_category_jap_intervene_in_china,,100
CHI_war_in_liangguang,GFX_decision_category_NOR_fascist_deploy_prep,,75
XIC_war_in_yanan,GFX_decision_category_NOR_fascist_deploy_prep,,100
RNG_state_shintoism_decisions,GFX_decision_category_JAP_state_shintoism,GFX_decision_cat_picture_JAP_state_shinto,40
CHI_x_y_force_cat,GFX_decision_category_NOR_fascist_deploy_prep,,100
CHL_industrial_decisions,GFX_decision_category_generic_economy,GFX_decision_cat_generic_mefo_bills,40
CHL_mapuche_reconcilliation_decisions,GFX_decision_category_CHL_mapuche_reconcilliation_decisions,GFX_decision_cat_picture_government_in_exile,30
CHL_nacista_insurgency_decisions,GFX_decision_category_CHL_nacista_decisions,GFX_decision_cat_picture_CHL_nacista_insurgency,35
CHL_nacista_decisions,GFX_decision_category_CHL_nacista_decisions,GFX_decision_cat_picture_CHL_nacista_insurgency,35
CHL_anti_colonialism_category,GFX_decision_category_saf_anti_colonialist_crusade,,
CHL_hispanic_unity_decisions,GFX_decision_category_CHL_hispanic_unity_decisions,,50
CHL_mapuche_nationalism_decisions,GFX_decision_category_CHL_mapuche_nationalism_decisions,,70
CHL_monarchist_decisions,GFX_decision_category_generic_monarchism,,70
CHL_the_hispanic_revolutions_decisions,GFX_decision_category_SOV_permanent_revolution,,90
COG_industrial_investment_decisions,GFX_decision_category_generic_economy,GFX_decision_cat_generic_mefo_bills,40
COG_ruanda_urundi_decisions,GFX_decision_category_gre_investment_decisions,GFX_decision_cat_picture_ITA_colonial_management,35
COG_the_empain_group_decisions,GFX_decision_category_generic_industry,GFX_decision_cat_picture_soviet_national_academy_of_sciences,30
COG_anti_colonialism_category,GFX_decision_category_saf_anti_colonialist_crusade,,45
COG_freedom_at_gunpoint_category,GFX_decision_category_spr_the_seeds_of_revolution,GFX_decision_cat_picture_generic_border_conflicts,45
COG_congo_integration_decisions,GFX_decision_category_saf_anti_colonialist_crusade,GFX_decision_cat_picture_soviet_comecon,50
DEN_balance_of_power_category,GFX_decision_category_power_struggle,,100
DEN_occupation_category,GFX_decision_category_power_struggle,,101
DEN_resistance_category,GFX_decision_category_DEN_resistance,,99
DEN_overlord_category,GFX_decision_category_power_struggle,,101
DEN_demand_territory_category,GFX_decision_category_power_struggle,,80
DEN_integration_puppets_category,GFX_decision_category_power_struggle,,70
DEN_integration_territories_category,GFX_decision_category_power_struggle,,90
DEN_trade_deal_category,GFX_decision_category_generic_trade,,10
DEN_fortification_category,GFX_decision_category_generic_fortification,,5
DEN_development_category,GFX_decision_category_generic_industry,,5
DEN_military_category,GFX_decision_category_military_operation,,10
DEN_danish_security_category,GFX_decision_category_generic_political_actions,,30
DEN_nordic_security_category,GFX_decision_category_generic_democracy,GFX_decision_cat_generic_nordic_league,40
DEN_danish_faction_category,GFX_decision_category_generic_democracy,GFX_decision_cat_generic_nordic_league,40
DEN_influence_countries_category,GFX_decision_category_generic_democracy,GFX_decision_cat_generic_nordic_league,40
DEN_offer_protection_category,GFX_decision_category_generic_democracy,GFX_decision_cat_generic_nordic_league,40
DEN_pan_scandinavianism_decisions_category,GFX_decision_category_generic_democracy,GFX_decision_cat_generic_nordic_league,40
DEN_swedish_steel_production_category,GFX_decision_category_generic_democracy,,30
DEN_return_occupied_territory_category,GFX_decision_category_saf_anti_colonialist_crusade,,90
ENG_narvik_crisis_cat,eng_move_to_secure_the_dominions,,50
ENG_organize_the_blackshirts,eng_organize_the_blackshirts,GFX_decision_cat_picture_organize_the_blackshirts,
ENG_appeal_to_imperial_loyalists,eng_appeal_to_imperial_loyalists,,
ENG_homeland_defense_decision_cat,GFX_decision_category_generic_fortification,GFX_decision_cat_picture_concessions_to_the_trade_unions,100
ENG_concessions_to_the_trade_unions,eng_concessions_to_the_trade_unions,GFX_decision_cat_picture_concessions_to_the_trade_unions,
ENG_move_to_secure_the_dominions,eng_move_to_secure_the_dominions,,
ENG_imperial_conference_decision,eng_imperial_conference,,
ENG_enforce_the_naval_treaties,generic_political_actions,,
ETH_defeat_italy_category,GFX_decision_category_saf_anti_colonialist_crusade,,
ETH_centralization_balance_of_power_category,GFX_decision_category_saf_anti_colonialist_crusade,,
ETH_italian_occupation_category,GFX_decision_category_saf_anti_colonialist_crusade,,
ETH_chitet_category,GFX_decision_category_ETH_disband_chitet,GFX_decision_cat_picture_chitet,
ETH_second_italo_ethiopian_war_category,GFX_decision_category_ETH_italo_ethiopian_war,,
ETH_improve_country_category,GFX_decision_category_generic_economy,,
ETH_anti_colonialism_category,GFX_decision_category_saf_anti_colonialist_crusade,,
ETH_freedom_at_gunpoint_category,GFX_decision_category_spr_the_seeds_of_revolution,GFX_decision_cat_picture_generic_border_conflicts,5
ETH_exploit_french_weakness_category,GFX_decision_category_border_conflicts,GFX_decision_cat_picture_take_dji,
ETH_reintegrate_former_territory_category,GFX_decision_category_generic_fascism,GFX_decision_cat_picture_reclaim_the_empire,
ethiopian_empire_decisions,GFX_decision_category_generic_fascism,,
ETH_consolidate_east_africa_category,GFX_decision_category_generic_fascism,,
ETH_improve_the_horn_of_africa_category,GFX_decision_category_generic_industry,GFX_decision_cat_picture_naval_treaties,
FIN_balance_of_power_category,GFX_decision_category_power_struggle,,90
FIN_motti_tactics_category,GFX_decision_category_FIN_motti_tactics,GFX_decision_cat_picture_FIN_motti_tactics,89
FIN_national_defense_category,GFX_decision_category_FIN_national_defense,GFX_decision_cat_picture_FIN_national_defense,88
FIN_finnish_resistance_category,GFX_decision_category_spr_the_seeds_of_revolution,GFX_decision_cat_picture_FIN_national_defense,88
FIN_the_path_to_socialism,GFX_decision_category_spr_the_seeds_of_revolution,,91
FIN_foreign_politics_decision_category,generic_foreign_policy,,8
FIN_coup_preparations,GFX_decision_category_eng_move_to_secure_the_dominions,,91
FIN_the_last_kinship_war,GFX_decision_category_NOR_fascist_deploy_prep,GFX_decision_cat_picture_FIN_heimosodat_volunteers,20
FIN_finno_soviet_kinship_war,GFX_decision_category_NOR_fascist_deploy_prep,GFX_decision_cat_picture_FIN_karelian_forest_guerillas,20
FIN_confederated_finno_russian_republics_category,GFX_decision_category_generic_foreign_policy,,20
FRA_civil_unrest_category,power_struggle,,
FRA_spanish_intervention_category,,,
FRA_vichy_france,,,
VIC_concessions_to_the_germans,,,
FRA_intervention_in_overseas_territories,,,
FRA_weapons_purchases_category,,,
FRA_decolonization,,,
GER_mefo_bills_category,ger_mefo_bills,GFX_decision_cat_generic_mefo_bills,12
GER_seize_gold_reserves_cat,GFX_decision_category_GER_seize_gold_reserves,GFX_decision_cat_picture_seize_gold_reserves,12
GER_operational_planning_category,GFX_decision_category_GER_war_planning,GFX_decision_cat_picture_operational_planning,11
GER_price_controls_cat,GFX_decision_category_generic_economy,,10
GER_case_anton_category,military_operation,GFX_decision_cat_picture_ger_case_anton,5
GER_the_fading_eagle_category,GFX_decision_category_ITA_missiolinis,GFX_decision_cat_picture_SWI_military_readiness_decisions,6
GER_reichskommissariats,GFX_decision_category_ger_reichskommissariats,,9
GER_military_buildup,generic_political_actions,,
GER_aid_hun_rom_democratic_civil_war,,,
GER_austro_hungarian_empire,,,
GER_hilfskreuzer_cat,GFX_decision_category_generic_naval,GFX_decision_cat_picture_generic_shipbuilding,8
GER_fortify_the_vaterland_cat,GFX_decision_category_generic_fortification,,8
GER_middle_eastern_trade_cat,GFX_decision_category_generic_trade,,7
GER_influence_countries_cat,GFX_decision_category_generic_foreign_policy,,7
GER_invite_to_faction_cat,GFX_decision_category_generic_propaganda,,6
GER_reich_labor_service_cat,GFX_decision_category_generic_industry,,6
GER_integration_of_puppet_economies_dec_cat,GFX_decision_category_gre_paying_ifc_debt,,5
GER_south_east_asian_natural_wealth_cat,GFX_decision_category_generic_fascism,,6
GER_a_fourth_silesian_uprising_cat,GFX_decision_category_FIN_motti_tactics,GFX_decision_cat_picture_grenzshutz,150
GER_waning_patience_within_the_kriegsmarine_cat,GFX_decision_category_ITA_cooperation_programs,GFX_decision_cat_picture_ger_case_anton,100
GER_rebuild_the_nation_cat,GFX_decision_category_generic_industry,,6
GER_weltpolitik_cat,GFX_decision_category_GER_weltpolitik,GFX_decision_cat_picture_ARG_international_loan_decisions,8
GER_realpolitik_cat,GFX_decision_category_generic_foreign_policy,GFX_decision_cat_picture_SWI_federal_council,9
GER_mitteleuropa_allied_trade_cat,GFX_decision_category_generic_trade,,6
GER_mitteleuropa_economic_integration_cat,GFX_decision_category_saf_anti_colonialist_crusade,,4
GER_monroe_doctrine_cat,GFX_decision_category_power_struggle,GFX_decision_cat_picture_chi_political_support,11
GER_proletarian_revolution_cat,GFX_decision_category_generic_communist_revolution,GFX_decision_cat_picture_chi_political_support,11
GER_volkskommissariats_cat,GFX_decision_decision_category_GER_volkskommissariats,,10
GER_spreading_the_red_flame_cat,GFX_decision_category_SOV_permanent_revolution,GFX_decision_cat_picture_spreading_the_red_flame,9
GER_industrial_relocation_cat,GFX_decision_category_generic_industry,,8
GER_anti_colonialism_category,GFX_decision_category_saf_anti_colonialist_crusade,,7
GER_uncertain_future_cat,GFX_decision_category_spr_the_seeds_of_revolution,GFX_decision_cat_picture_chi_political_support,11
GRE_1936_election_category,generic_crisis,GFX_decision_cat_picture_1936_election,10
GRE_pay_back_debt_to_the_ifc_category,gre_paying_ifc_debt,GFX_decision_cat_generic_mefo_bills,6
GRE_investment_decisions_category,gre_investment_decisions,,4
GRE_hellenic_academy_category,gre_hellenic_academy,,2
GRE_faction_management_category,gre_faction_management,,9
GUAY_military_coup,GFX_decision_category_military_operation,,99
GUAY_military_play_cat,GFX_decision_category_usa_intervention_mandate,,98
GUAY_meet_with_the_old_powers_cat,GFX_decision_category_spr_civil_war_offensives,,97
GUAY_laissez_faire_cat,GFX_decision_category_gre_paying_ifc_debt,,50
form_liga_federal_cat,GFX_decision_category_generic_formable_nations,GFX_decision_cat_picture_chi_political_support,50
HOL_obtain_foreign_colonial_investments,hol_obtain_foreign_colonial_investments,,
HOL_prepare_the_inundation_lines,hol_prepare_the_inundation_lines,,
HOL_war_on_pacifism,hol_war_on_pacifism,,
HOL_secret_staff_talks,hol_secret_staff_talks,,
HOL_gateway_to_europe_hol_category,hol_gateway_to_europe,GFX_decision_cat_picture_gateway_to_europe,
HOL_gateway_to_europe_ger_category,hol_gateway_to_europe,GFX_decision_cat_picture_gateway_to_europe,
HOL_gateway_to_europe_eng_category,hol_gateway_to_europe,GFX_decision_cat_picture_gateway_to_europe,
HOL_request_allied_favors,generic_political_actions,,
HOL_bernhard,hol_bernhard,,
HUN_national_academy_of_sciences_category,GFX_decision_category_SOV_soviet_academy_of_sciences,GFX_decision_cat_picture_soviet_national_academy_of_sciences,30
HUN_gyor_program_initiatives_category,GFX_decision_category_generic_arms_trade,GFX_decision_cat_generic_mefo_bills,40
HUN_territorial_revision_category,GFX_decision_category_border_conflicts,GFX_decision_cat_picture_greater_hungary,50
HUN_the_empire_category,GFX_decision_cat_generic_austria_hungary_icon,GFX_decision_cat_generic_austria_hungary,50
HUN_balkan_pact_category,GFX_decision_category_SOV_propaganda,GFX_decision_cat_picture_balkan_faction,60
HUN_fascist_movements_category,GFX_decision_cat_hun_arrow_cross_party,GFX_decision_cat_picture_spr_the_inevitable_civil_war,75
HUN_the_danubian_federation_category,GFX_decision_generic_political_address,GFX_decision_cat_picture_danubian_federation,80
HUN_balkan_union_category,generic_formable_nations,,30
ICE_infiltrate_the_british_isles_category,GFX_decision_category_ICE_infiltrate_the_british_isles,,50
ICE_improve_the_viking_spirit,GFX_decision_category_ICE_the_viking_spirit,,100
IRQ_arab_free_legion_cat,GFX_decision_category_ger_reichskommissariats,,20
greater_iraq_decision_cat,GFX_decision_category_generic_political_actions,,20
united_arab_republic_cat,GFX_decision_category_generic_political_actions,,20
hashemite_federation_cat,GFX_decision_category_generic_political_actions,,20
IRQ_flood_the_plains_cat,GFX_decision_category_border_conflicts,,
KUR_syrian_border_skrimish_cat,GFX_decision_category_infiltration,,100
ITA_missiolinis,decision_category_ITA_missiolinis,GFX_decision_cat_picture_ITA_missiolinis,100
ITA_balance_of_power_category,GFX_decision_category_power_struggle,,90
ITA_colonial_management_dec_cat,GFX_decision_category_ITA_colonial_management,GFX_decision_cat_picture_ITA_colonial_management,20
ITA_naval_cooperation_programs_dec_cat,GFX_decision_category_ITA_cooperation_programs,GFX_decision_cat_picture_generic_shipbuilding,15
ITA_diplomacy_balkan_decision_category,generic_foreign_policy,,8
ITA_vallo_alpino_del_littorio_dec_cat,GFX_decision_category_generic_mountain_fortification,,7
ITA_italian_mafia_dec_cat,GFX_decision_category_eng_organize_the_blackshirts,,17
JAP_intervene_in_china,GFX_decision_category_jap_intervene_in_china,GFX_decision_cat_picture_JAP_imperial_soldiers,40
JAP_southern_expansion,GFX_decision_category_jap_southern_expansion,GFX_decision_cat_picture_JAP_greater_east_asia_co_prosperity_sphere,30
JAP_pacific_guardian,GFX_decision_category_jap_pacific_guardian,GFX_decision_cat_picture_JAP_greater_east_asia_co_prosperity_sphere,20
JAP_colonial_independence,GFX_decision_category_jap_pacific_guardian,GFX_decision_cat_picture_JAP_workers_celebrating,19
JAP_kodoha_insurgency_decisions,GFX_decision_category_JAP_imperial_glory_red,GFX_decision_cat_picture_JAP_trial,85
JAP_kwantung_army_decisions,GFX_decision_category_jap_intervene_in_china,GFX_decision_cat_picture_JAP_imperial_soldiers,80
JAP_state_shintoism_decisions,GFX_decision_category_JAP_state_shintoism,GFX_decision_cat_picture_JAP_state_shinto,40
JAP_the_co_prosperity_sphere_decisions,GFX_decision_category_jap_southern_expansion,GFX_decision_cat_picture_JAP_greater_east_asia_co_prosperity_sphere,35
JAP_spiritual_mobilization_decisions,GFX_decision_category_jap_pacific_guardian,GFX_decision_cat_picture_JAP_kokutai,30
JAP_the_peoples_state_decisions,GFX_decision_category_jap_pacific_guardian,GFX_decision_cat_picture_JAP_workers_celebrating,70
JAP_the_propaganda_department_decisions,GFX_decision_category_JAP_imperial_glory_blue,GFX_decision_cat_picture_JAP_government_censors,20
JAP_investing_in_foreign_industries_cat,GFX_decision_category_generic_industry,,10
JAP_west_pacific_treaty_org_economic_integration_cat,GFX_decision_category_generic_economy,,5
JAP_west_pacific_treaty_org_allied_trade_cat,GFX_decision_category_generic_trade,,4
JAP_anti_colonialism_category,GFX_decision_category_saf_anti_colonialist_crusade,,45
JAP_ashigaru_category,GFX_decision_category_NOR_fascist_deploy_prep,,50
JAP_the_red_sun_over_asia_decisions,GFX_decision_category_jap_pacific_guardian,GFX_decision_cat_picture_JAP_workers_celebrating,15
JAP_boeitai_category,GFX_decision_category_NOR_fascist_deploy_prep,,50
JAP_imperial_influence_decision_cat,GFX_decision_category_power_struggle,{,75
BRM_burmah_oils_oil_fields,GFX_decision_category_generic_prospect_for_resources,,5
MAN_banditry_category,GFX_decision_category_infiltration,GFX_decision_cat_picture_chi_infiltration,100
MAN_war_preparations,GFX_decision_category_infiltration,,100
MAN_china_matters,GFX_decision_category_infiltration,,100
MAN_yong_ying_category,GFX_decision_category_NOR_fascist_deploy_prep,,50
MAN_coring_decisions,GFX_decision_category_infiltration,,
MAN_state_shintoism_decisions,GFX_decision_category_JAP_state_shintoism,GFX_decision_cat_picture_JAP_state_shinto,40
MAN_march_on_beijing_decisions,GFX_decision_category_infiltration,,100
MEN_mongol_banner_category,GFX_decision_category_NOR_fascist_deploy_prep,GFX_decision_cat_picture_generic_border_conflicts,10
MEN_army_reform,army_reform,GFX_decision_cat_picture_chi_infiltration,9
MEX_category_military_issues,border_conflicts,,95
MEX_category_territorial_integration,border_war,,90
MEX_category_church_power,power_struggle,,80
MEX_category_hispanic_solidarity,generic_political_actions,,90
NORDIC_debug_decisions_category,saf_anti_colonialist_crusade,,69
NORDIC_cooperation_decisions_category,,,70
NOR_debug_decisions_category,saf_anti_colonialist_crusade,,1000
NOR_exile_decisions_category,generic_formable_nations,GFX_decision_cat_picture_NOR_ship_building,9
NOR_democratic_preparation_decisions_category,GFX_decision_category_generic_industry,GFX_decision_cat_generic_mefo_bills,7
NOR_allied_democratic_preparation_decisions_category,GFX_decision_category_NOR_fascist_deploy_prep,GFX_decision_cat_picture_NOR_preparedness,7
NOR_historical_deploy_prep_decisions_category,GFX_decision_category_NOR_democratic_deploy_prep,GFX_decision_cat_picture_develop_norway,7
NOR_allied_democratic_deploy_prep_decisions_category,GFX_decision_category_NOR_fascist_deploy_prep,GFX_decision_cat_picture_SWI_military_readiness_decisions,7
NOR_fascist_preparation_decisions_category,GFX_decision_category_NOR_fascist_preparation,GFX_decision_cat_picture_NOR_building_fascist_support,7
NOR_fascist_deploy_prep_decisions_category,GFX_decision_category_NOR_fascist_deploy_prep,GFX_decision_cat_picture_NOR_fascist_war,8
NOR_communist_preparation_decisions_category,GFX_decision_category_generic_communism,GFX_decision_cat_picture_NOR_rousing_proletariat,7
NOR_monarchist_preparation_decisions_category,GFX_decision_category_generic_monarchism,GFX_decision_cat_picture_NOR_monarchism,7
NOR_mobile_government_decisions_category,GFX_decision_category_generic_crisis,GFX_decision_cat_picture_NOR_olav_and_haakon,8
NOR_convert_merchant_ships_decisions_category,GFX_decision_category_generic_crisis,,8
PER_profit_from_war_category,GFX_decision_category_generic_economy,GFX_decision_cat_picture_seize_gold_reserves,35
PER_integrate_anatolia_decisions_category,GFX_decision_category_generic_political_actions,GFX_decision_cat_picture_integrate_anatolia,35
PER_absorb_byzantines_category,GFX_decision_category_generic_political_actions,GFX_decision_cat_generic_byzantine_empire,35
PER_memphis_initiative_category,GFX_decision_category_generic_political_actions,GFX_decision_cat_picture_memphis_initiative,35
PER_civil_unrest_category,GFX_decision_category_NOR_fascist_deploy_prep,GFX_decision_cat_picture_spr_the_inevitable_civil_war,35
PER_mass_protests,GFX_decision_category_SOV_propaganda,GFX_decision_cat_picture_chi_political_support,10
PER_national_iranian_radio,GFX_decision_category_generic_communism,decision_cat_picture_national_iranian_radio,10
PER_gulf_decisions_cat,GFX_decision_category_power_struggle,GFX_decision_cat_picture_generic_border_conflicts,10
PER_anti_gulf_decisions_cat,GFX_decision_category_power_struggle,GFX_decision_cat_picture_generic_border_conflicts,10
PER_kur_azr_independence_cat,GFX_decision_category_power_struggle,GFX_decision_cat_picture_generic_border_conflicts,10
PER_plant_resistance_cat,GFX_decision_category_power_struggle,GFX_decision_cat_picture_generic_border_conflicts,10
PHI_convoys_for_infrastructure_decision_cat,GFX_decision_category_generic_trade,,9
PHI_sugar_barons_category,GFX_decision_category_military_operation,,9
PHI_american_intervention_category,GFX_decision_category_usa_congress,GFX_decision_cat_picture_PHI_american_intervention,100
PHI_integration_category,border_war,,10
PHI_department_of_foreign_affairs_category,GFX_decision_category_generic_political_actions,,8
PHI_government_in_exile_cat,GFX_decision_category_spr_the_seeds_of_revolution,,10
PHI_relations_with_spanish_america,GFX_decision_category_generic_formable_nations,GFX_decision_cat_picture_spanish_america,
POL_danzig_decisions,GFX_decision_category_border_conflicts,,9
POL_sanation_decisions,GFX_decision_category_generic_crisis,,10
POL_peasant_strike_category,GFX_decision_category_generic_crisis,,100
POL_organize_the_peasants_strike,GFX_decision_category_generic_democracy,,99
POL_invite_foreign_motor_decisions,GFX_decision_category_generic_industry,,
POL_miedzymorze_decisions,GFX_decision_category_generic_political_actions,,
POL_defensive_plans,GFX_decision_category_army_reform,,8
POL_reopen_the_maritime_and_colonial_league,GFX_decision_category_generic_economy,,
POL_anti_capitalist_decisions,GFX_decision_category_generic_communism,,
POL_anti_fascist_revolution_category,GFX_decision_category_generic_communism,,
POL_support_monarchy_in_LIT_cat,GFX_decision_category_generic_propaganda,,10
POL_fight_against_monarchy_in_LIT_cat,GFX_decision_category_generic_propaganda,,10
POL_cossack_republic_decisions,GFX_decision_category_generic_propaganda,,
POL_sanacja_falanga_decisions,GFX_decision_category_generic_propaganda,,10
POL_promote_falangism_decisions,GFX_decision_category_generic_propaganda,,10
POR_overseas_provinces,saf_anti_colonialist_crusade,,
POR_arms_purchases,,,
POR_naval_blockade,generic_political_actions,GFX_decision_cat_naval_blockade,
POR_iberian_summit,GFX_decision_cat_iberian_summit,,
POR_monarchist_cause,generic_monarchism,,
POR_prospect_for_resources,generic_prospect_for_resources,,
POR_the_spanish_civil_war,spr_civil_war_offensives,,
PRC_infiltrate_nationalist_areas,infiltration,GFX_decision_cat_picture_chi_infiltration,
PRC_anti_japanese_expedition,infiltration,GFX_decision_cat_picture_chi_infiltration,
PRC_border_clashes,military_operation,,
PRC_the_communist_power_struggle_balance_of_power_category,GFX_decision_category_generic_communism,,100
PRC_guerilla_warfare_sea_cat,GFX_decision_category_military_operation,GFX_decision_cat_picture_generic_border_conflicts,10
PRC_guerilla_suppression_sea_cat,GFX_decision_category_military_operation,,120
PRC_infiltration_sea_cat,GFX_decision_category_infiltration,GFX_decision_cat_picture_chi_infiltration,120
CHI_counter_infiltration_sea_cat,GFX_decision_category_infiltration,GFX_decision_cat_picture_chi_infiltration,120
PRC_economic_planning_cat,GFX_decision_category_generic_industry,,1
PRC_28_bolshevik_faction_cat,GFX_decision_category_SOV_propaganda,,1
PRC_appeal_for_foreign_aid_cat,GFX_decision_category_eng_concessions_to_the_trade_unions,,1
PRC_border_wars_cat,GFX_decision_category_border_conflicts,,10
PRC_war_of_resistance_cat,GFX_decision_category_generic_communist_revolution,,100
PRC_rural_surveyer_decision_cat,GFX_decision_category_generic_communist_revolution,,1
PRC_integration_decision_cat,GFX_decision_category_generic_communist_revolution,,1
PRU_pastaza_conflict,GFX_decision_category_border_conflicts,,100
RAJ_GOE_independence_movement,GFX_decision_category_spr_the_seeds_of_revolution,,101
RAJ_GOE_tea_exports_cat,GFX_decision_category_gre_investment_decisions,,
RAJ_GOE_sikh_recruitment_cat,GFX_decision_category_army_reform,,
RAJ_GOE_famine_cat,GFX_decision_category_army_reform,,101
RAJ_GOE_into_hiding_cat,GFX_decision_category_army_reform,,100
RAJ_GOE_india_indivisible_cat,GFX_decision_category_army_reform,,100
RAJ_military_matters,GFX_decision_category_army_reform,,50
RAJ_GOE_partition_cat,GFX_decision_category_army_reform,,50
RAJ_akhand_bharat_cat,GFX_decision_category_jap_intervene_in_china,,50
RAJ_GOE_eic_cat,GFX_decision_category_jap_intervene_in_china,,50
RAJ_GOE_eic_hostile_takeover_cat,GFX_decision_category_jap_intervene_in_china,,
RAJ_GOE_mughal_independence_category,GFX_decision_category_NOR_fascist_deploy_prep,,100
RAJ_GOE_communism_infiltration_cat,GFX_decision_category_jap_intervene_in_china,,100
RAJ_GOE_communism_border_clashes_cat,GFX_decision_category_generic_communism,,100
RAJ_peasant_uprisings_cat,GFX_decision_category_NOR_fascist_deploy_prep,,100
RAJ_work_with_local_leaders_cat,GFX_decision_category_generic_industry,,110
RAJ_concessions_to_the_congress_cat,eng_concessions_to_the_trade_unions,GFX_decision_cat_picture_concessions_to_the_trade_unions,105
RAJ_population_decisions,generic_prospect_for_resources,,101
ROM_change_sides,GFX_decision_category_generic_political_actions,,
ROM_dividing_yugo,GFX_decision_category_generic_fascism,,
SOV_paranoia_system,SOV_paranoia,,101
SOV_propaganda_campaigns,SOV_propaganda,,100
SOV_gosproyektstroy_decision_category,generic_industry,SOV_civil_puppet_interaction,29
SOV_industry_relocation,generic,,12
SOV_soviet_aid_to_poum_decision_category,SOV_support_the_poum,GFX_decision_cat_picture_spr_the_inevitable_civil_war,31
SOV_great_patriotic_war,sov_great_patriotic_war,,200
SOV_diplomacy_baltic_decision_category,generic_foreign_policy,,26
SOV_diplomacy_nordic_decision_category,generic_foreign_policy,,25
SOV_diplomacy_balkan_decision_category,generic_foreign_policy,,24
SOV_diplomacy_middle_east_decision_category,generic_foreign_policy,,23
SOV_diplomacy_asia_decision_category,generic_foreign_policy,,22
SOV_soviet_aid_decision_category,decision_category_generic_communism,,
SOV_national_academy_of_sciences_dec_cat,SOV_soviet_academy_of_sciences,GFX_decision_cat_picture_soviet_national_academy_of_sciences,30
SOV_merge_designers_dec_cat,SOV_merge_designers,,28
SOV_kill_trotsky_dec_cat,spr_political_assassination,,9
SOV_infiltrate_foreign_atomic_programs_dec_cat,eng_move_to_secure_the_dominions,,10
SOV_comecon_dec_cat,SOV_civil_puppet_interaction,GFX_decision_cat_picture_soviet_comecon,13
SOV_soviet_civil_war_dec_cat,GFX_decision_category_SOV_civil_war,GFX_decision_cat_picture_soviet_civil_war,105
SOV_permanent_revolution_dec_cat,GFX_decision_category_SOV_permanent_revolution,,90
SOV_panslavic_nationalism,generic_formable_nations,,75
SOV_polish_territory,generic_formable_nations,,70
SPR_opposition_civil_war_preparations,spr_the_inevitable_civil_war,GFX_decision_cat_picture_spr_the_inevitable_civil_war,9
SPR_the_inevitable_civil_war,spr_the_inevitable_civil_war,GFX_decision_cat_picture_spr_the_inevitable_civil_war,10
SPR_civil_war_offensives,spr_civil_war_offensives,GFX_decision_cat_picture_spr_civil_war_offensives,8
SPA_reassert_american_dominance,spr_reassert_american_dominance,,
SPA_preparing_the_carlist_insurrection,spr_preparing_the_carlist_insurrection,,7
SPR_foreign_arms_purchases,generic_economy,,
SPR_the_seeds_of_revolution,spr_the_seeds_of_revolution,,
SPR_anti_fascist_unity,generic_foreign_policy,,
SPR_recovering_from_civil_war,generic_industry,,6
SPR_expand_resource_extraction,generic_prospect_for_resources,,
SS_demands,,,
SS_recruitment,,,
wehrmacht_demands,,,
SWE_rearnament_system,,,99
SWE_hungershield_cat,GFX_decision_category_SWI_absolute_neutrality,GFX_decision_cat_picture_SWI_absolute_neutrality,100
SWE_politics,GFX_decision_category_SWI_absolute_neutrality,GFX_decision_cat_picture_SWI_absolute_neutrality,98
SWE_mines,,,
SWE_ebba_palmstierna_cat,,,
SWE_rationing_policies,,,97
SWE_train_the_sheltered_cat,,,100
SWE_military_matters,,,80
SWE_ball_bearings_cat,,,81
SWE_coax_nordic_defense_council_cat,,,50
SWE_fascism_buildup,GFX_decision_category_generic_fascism,,80
SWE_appeal_for_support_cat,GFX_decision_category_SOV_propaganda,,70
SWE_royalist_buildup,GFX_decision_category_eng_appeal_to_imperial_loyalists,,80
SWE_communist_foreign_influence,GFX_decision_category_generic_communism,,10
SWE_coalition_war_cabinet_cat,GFX_decision_category_eng_appeal_to_imperial_loyalists,,50
SWI_debug_decisions_category,saf_anti_colonialist_crusade,,8
SWI_centralization_power_balance_decisions,,,12
SWI_federal_council_decisions_category,GFX_decision_category_SWI_federal_council,GFX_decision_cat_picture_SWI_federal_council,11
SWI_military_readiness_decisions_category,GFX_decision_category_SWI_military_readiness_decisions,GFX_decision_cat_picture_SWI_military_readiness_decisions,10
SWI_absolute_neutrality_decisions_category,GFX_decision_category_SWI_absolute_neutrality,GFX_decision_cat_picture_SWI_absolute_neutrality,9
improving_our_army_category,GFX_decision_category_ger_military_buildup,GFX_decision_cat_picture_ITA_reggianes_exports,
south_american_naval_arms_race_category,GFX_decision_category_MTG_naval_treaties,GFX_decision_cat_picture_generic_south_american_naval_race,50
JUNO_promote_immigration_cat,GFX_decision_SWI_support_humanitarian_efforts,GFX_decision_cat_picture_generic_promote_immigration_cat,45
TUR_the_constitutional_arrows_category,tur_the_constitutional_arrows_category,GFX_decision_cat_picture_constitutional_arrows,8
TUR_kurdish_state_management_category,tur_unifying_the_country,,4
TUR_fundamentalist_state_management_category,tur_unifying_the_country,,5
TUR_kemalist_state_management_category,tur_unifying_the_country,,5
TUR_the_fading_father_category,generic_crisis,GFX_decision_cat_picture_ataturk_health,9
TUR_the_enemy_within,tur_unifying_the_country,,7
TUR_industrial_projects_category,gre_investment_decisions,GFX_decision_cat_generic_mefo_bills,1
TUR_reforming_our_armed_forces_category,gre_faction_management,GFX_decision_cat_picture_reforming_our_armed_forces,3
category_faction_debug_decisions,,,0
USA_war_measures,,,
USA_aid_britain,,,
USA_foreign_support,,,
USA_congress,usa_congress,,85
USA_war_plans,,,
USA_intervention_mandate,usa_intervention_mandate,,
USA_honor_the_confederacy,usa_honor_the_confederacy,,
USA_decolonisation,,,
VEN_abc_islands,saf_anti_colonialist_crusade,,
YUG_peasant_uprisings,saf_anti_colonialist_crusade,,
YUG_crush_ustasa,saf_anti_colonialist_crusade,,
YUG_delay_ustasa_uprising,saf_anti_colonialist_crusade,,
YUG_progress_crushing_decisions,saf_anti_colonialist_crusade,,
communist_infiltration,,,
