state_id,building_key,level,source_file
1,infrastructure,2,1-France.txt
1,industrial_complex,1,1-France.txt
1,air_base,1,1-France.txt
10,infrastructure,4,10-Poland.txt
10,arms_factory,6,10-Poland.txt
10,industrial_complex,2,10-Poland.txt
10,anti_air_building,2,10-Poland.txt
10,air_base,5,10-Poland.txt
100,infrastructure,1,100-Iceland.txt
100,dockyard,1,100-Iceland.txt
100,industrial_complex,1,100-Iceland.txt
1000,infrastructure,2,1000-East Azerbaijan.txt
1000,arms_factory,2,1000-East Azerbaijan.txt
1001,infrastructure,2,1001-Kurdistan.txt
1002,infrastructure,1,1002-Yazd.txt
1003,infrastructure,1,1003-South Khorasan.txt
1004,infrastructure,2,1004-North Khorasan.txt
1006,infrastructure,1,1006-Khyber Pass.txt
1007,infrastructure,1,1007-Maymanah.txt
1008,infrastructure,1,1008-Qandahar.txt
1009,infrastructure,0,1009-Farah.txt
101,infrastructure,1,101-Greenland.txt
101,naval_base,1,101-Greenland.txt
1011,infrastructure,2,1011-Al Basrah.txt
1011,arms_factory,1,1011-Al Basrah.txt
1011,industrial_complex,1,1011-Al Basrah.txt
1012,infrastructure,1,1012-Kalat.txt
1013,infrastructure,1,1013 -Musamdam.txt
1014,infrastructure,1,1014 - Bahrain.txt
1015,infrastructure,1,1015 - Interior Oman.txt
1016,infrastructure,1,1016 - Dhofar.txt
1017,infrastructure,1,1017 - Trung Bo.txt
1018,infrastructure,2,1018 - South Kyushu.txt
1018,dockyard,1,1018 - South Kyushu.txt
1018,industrial_complex,1,1018 - South Kyushu.txt
1019,arms_factory,1,1019 - South Tohoku.txt
1019,industrial_complex,1,1019 - South Tohoku.txt
1019,infrastructure,2,1019 - South Tohoku.txt
102,infrastructure,3,102-North-Eastern Slovenia.txt
1020,infrastructure,2,1020 - Sanin.txt
1020,industrial_complex,1,1020 - Sanin.txt
1021,infrastructure,2,1021 - Actual Singapore.txt
1021,industrial_complex,1,1021 - Actual Singapore.txt
1021,air_base,6,1021 - Actual Singapore.txt
1022,infrastructure,0,1022 - Interior Borneo.txt
1023,infrastructure,2,1023 - Brunei.txt
1024,infrastructure,2,1024 - Sabah.txt
1025,infrastructure,1,1025 - Zamboanga.txt
1026,infrastructure,1,1026 - North Mindanao.txt
1027,infrastructure,2,1027 - Bataan.txt
1027,arms_factory,1,1027 - Bataan.txt
1027,air_base,3,1027 - Bataan.txt
1028,infrastructure,2,1028 - Hamgyong.txt
1029,infrastructure,2,1029 - Gangwon.txt
103,infrastructure,3,103-Croatia.txt
103,dockyard,1,103-Croatia.txt
103,industrial_complex,3,103-Croatia.txt
1030,infrastructure,2,1030 - Gyeongsang.txt
1030,dockyard,1,1030 - Gyeongsang.txt
1031,infrastructure,2,1031 - Chungcheong Jeolla.txt
1031,industrial_complex,1,1031 - Chungcheong Jeolla.txt
1032,infrastructure,1,1032 - Yanan.txt
1032,arms_factory,2,1032 - Yanan.txt
1032,industrial_complex,2,1032 - Yanan.txt
1033,infrastructure,2,1033 - Fangchenggang.txt
1033,industrial_complex,1,1033 - Fangchenggang.txt
1034,infrastructure,2,1034 - Suzhou.txt
1035,infrastructure,2,1035 - Nanjing.txt
1035,industrial_complex,2,1035 - Nanjing.txt
1036,infrastructure,2,1036 - Wuhan.txt
1036,arms_factory,1,1036 - Wuhan.txt
1036,industrial_complex,1,1036 - Wuhan.txt
1036,air_base,1,1036 - Wuhan.txt
1037,infrastructure,2,1037 - Chongqing.txt
1037,arms_factory,1,1037 - Chongqing.txt
1037,industrial_complex,1,1037 - Chongqing.txt
1037,air_base,2,1037 - Chongqing.txt
1038,infrastructure,2,1038 - Jinan.txt
1038,industrial_complex,1,1038 - Jinan.txt
1038,air_base,3,1038 - Jinan.txt
1039,infrastructure,1,1039 - Hebei-Chahar.txt
104,infrastructure,3,104-Bosnia.txt
104,industrial_complex,2,104-Bosnia.txt
104,air_base,2,104-Bosnia.txt
1040,infrastructure,1,1040 - Alxa.txt
1041,infrastructure,2,1041 - Chengdu.txt
1041,arms_factory,1,1041 - Chengdu.txt
1041,industrial_complex,1,1041 - Chengdu.txt
1042,infrastructure,1,1042 - Khotan.txt
1043,infrastructure,1,1043 - Pailingmiao.txt
1043,industrial_complex,1,1043 - Pailingmiao.txt
1044,infrastructure,1,1044 - Wuwei.txt
1045,infrastructure,1,1045 - Guyuan.txt
1045,arms_factory,1,1045 - Guyuan.txt
1046,infrastructure,1,1046 - Yulin.txt
105,infrastructure,2,105-Montenegro.txt
105,industrial_complex,1,105-Montenegro.txt
106,infrastructure,2,106-Macedonia.txt
106,industrial_complex,1,106-Macedonia.txt
106,air_base,2,106-Macedonia.txt
107,infrastructure,3,107-Kosavo.txt
107,arms_factory,3,107-Kosavo.txt
107,industrial_complex,4,107-Kosavo.txt
107,air_base,5,107-Kosavo.txt
108,infrastructure,2,108-Eastern Serbia.txt
109,infrastructure,3,109-Eastern Croatia.txt
109,industrial_complex,3,109-Eastern Croatia.txt
11,infrastructure,3,11-Kaunas.txt
11,arms_factory,1,11-Kaunas.txt
11,industrial_complex,3,11-Kaunas.txt
110,infrastructure,3,110-Norway.txt
110,arms_factory,1,110-Norway.txt
110,industrial_complex,2,110-Norway.txt
110,dockyard,1,110-Norway.txt
110,air_base,4,110-Norway.txt
111,infrastructure,2,111-Uusima.txt
111,arms_factory,2,111-Uusima.txt
111,industrial_complex,1,111-Uusima.txt
111,air_base,3,111-Uusima.txt
112,infrastructure,3,112-Lisbon.txt
112,arms_factory,2,112-Lisbon.txt
112,industrial_complex,2,112-Lisbon.txt
112,air_base,5,112-Lisbon.txt
112,dockyard,2,112-Lisbon.txt
113,infrastructure,4,113-Ireland.txt
113,arms_factory,1,113-Ireland.txt
113,industrial_complex,5,113-Ireland.txt
113,air_base,3,113-Ireland.txt
114,infrastructure,3,114-Sardinia.txt
114,arms_factory,0,114-Sardinia.txt
114,industrial_complex,1,114-Sardinia.txt
114,air_base,5,114-Sardinia.txt
115,infrastructure,3,115-Sicily.txt
115,industrial_complex,1,115-Sicily.txt
115,air_base,10,115-Sicily.txt
115,dockyard,1,115-Sicily.txt
116,infrastructure,2,116-Malta.txt
116,air_base,3,116-Malta.txt
117,infrastructure,3,117-Napoli.txt
117,arms_factory,1,117-Napoli.txt
117,industrial_complex,2,117-Napoli.txt
117,dockyard,1,117-Napoli.txt
117,air_base,3,117-Napoli.txt
118,infrastructure,3,118-Gibralter.txt
118,air_base,2,118-Gibralter.txt
119,infrastructure,3,119-Northern Ireland.txt
119,arms_factory,1,119-Northern Ireland.txt
119,industrial_complex,2,119-Northern Ireland.txt
119,air_base,1,119-Northern Ireland.txt
119,dockyard,2,119-Northern Ireland.txt
12,infrastructure,3,12-Latvia.txt
12,industrial_complex,1,12-Latvia.txt
12,air_base,3,12-Latvia.txt
120,infrastructure,2,120-Scottish Highlands.txt
120,anti_air_building,2,120-Scottish Highlands.txt
120,industrial_complex,1,120-Scottish Highlands.txt
120,air_base,1,120-Scottish Highlands.txt
121,infrastructure,4,121-Scottish Lowlands.txt
121,industrial_complex,1,121-Scottish Lowlands.txt
121,dockyard,1,121-Scottish Lowlands.txt
121,air_base,3,121-Scottish Lowlands.txt
122,infrastructure,3,122-Wales.txt
122,industrial_complex,1,122-Wales.txt
123,infrastructure,4,123-Cornwall.txt
123,industrial_complex,1,123-Cornwall.txt
123,anti_air_building,1,123-Cornwall.txt
123,radar_station,1,123-Cornwall.txt
123,air_base,6,123-Cornwall.txt
124,infrastructure,3,124-Gotland.txt
125,infrastructure,4,125-East Anglia.txt
125,arms_factory,1,125-East Anglia.txt
125,industrial_complex,3,125-East Anglia.txt
125,anti_air_building,1,125-East Anglia.txt
125,radar_station,1,125-East Anglia.txt
125,air_base,10,125-East Anglia.txt
126,infrastructure,5,126-Greater London Area.txt
126,arms_factory,3,126-Greater London Area.txt
126,industrial_complex,3,126-Greater London Area.txt
126,dockyard,1,126-Greater London Area.txt
126,anti_air_building,2,126-Greater London Area.txt
126,radar_station,1,126-Greater London Area.txt
126,air_base,10,126-Greater London Area.txt
127,infrastructure,4,127-South-east England.txt
127,arms_factory,1,127-South-east England.txt
127,industrial_complex,1,127-South-east England.txt
127,dockyard,2,127-South-east England.txt
127,fuel_silo,1,127-South-east England.txt
127,anti_air_building,1,127-South-east England.txt
127,radar_station,1,127-South-east England.txt
127,air_base,10,127-South-east England.txt
128,infrastructure,4,128-West Midlands.txt
128,arms_factory,2,128-West Midlands.txt
128,industrial_complex,3,128-West Midlands.txt
128,air_base,6,128-West Midlands.txt
129,infrastructure,4,129-East Midlands.txt
129,arms_factory,2,129-East Midlands.txt
129,industrial_complex,1,129-East Midlands.txt
129,air_base,5,129-East Midlands.txt
13,infrastructure,3,13-Estonia.txt
13,arms_factory,1,13-Estonia.txt
13,industrial_complex,1,13-Estonia.txt
13,air_base,2,13-Estonia.txt
130,infrastructure,4,130-Yorkshire.txt
130,arms_factory,2,130-Yorkshire.txt
130,industrial_complex,3,130-Yorkshire.txt
130,air_base,10,130-Yorkshire.txt
131,infrastructure,3,131-Northern England.txt
131,industrial_complex,1,131-Northern England.txt
131,dockyard,4,131-Northern England.txt
131,air_base,6,131-Northern England.txt
132,infrastructure,4,132-North-west England.txt
132,arms_factory,1,132-North-west England.txt
132,industrial_complex,1,132-North-west England.txt
132,dockyard,3,132-North-west England.txt
132,air_base,3,132-North-west England.txt
133,infrastructure,4,133-Strathclyde.txt
133,industrial_complex,1,133-Strathclyde.txt
133,dockyard,4,133-Strathclyde.txt
133,anti_air_building,2,133-Strathclyde.txt
133,air_base,3,133-Strathclyde.txt
134,infrastructure,3,134-Connaught.txt
135,infrastructure,3,135-Munster.txt
135,industrial_complex,3,135-Munster.txt
136,infrastructure,3,136-Aberdeenshire.txt
136,dockyard,2,136-Aberdeenshire.txt
137,infrastructure,3,137-Crimea.txt
137,dockyard,1,137-Crimea.txt
137,air_base,3,137-Crimea.txt
138,infrastructure,3,138-Skane.txt
138,industrial_complex,1,138-Skane.txt
138,dockyard,1,138-Skane.txt
139,infrastructure,3,139-Smaland.txt
139,industrial_complex,1,139-Smaland.txt
14,infrastructure,3,14-Brittany.txt
14,dockyard,5,14-Brittany.txt
14,air_base,5,14-Brittany.txt
140,infrastructure,3,140-Vaster Gotland.txt
140,arms_factory,1,140-Vaster Gotland.txt
140,industrial_complex,1,140-Vaster Gotland.txt
140,dockyard,1,140-Vaster Gotland.txt
140,air_base,1,140-Vaster Gotland.txt
141,infrastructure,4,141-Sodermanland.txt
141,arms_factory,2,141-Sodermanland.txt
141,industrial_complex,3,141-Sodermanland.txt
141,dockyard,1,141-Sodermanland.txt
141,air_base,6,141-Sodermanland.txt
142,infrastructure,3,142-Vestlandet.txt
142,industrial_complex,2,142-Vestlandet.txt
142,air_base,1,142-Vestlandet.txt
143,infrastructure,2,143-Midt-Noreg.txt
143,arms_factory,0,143-Midt-Noreg.txt
143,industrial_complex,1,143-Midt-Noreg.txt
144,infrastructure,2,144-Nord-Noreg.txt
144,air_base,1,144-Nord-Noreg.txt
145,infrastructure,2,145-Aland.txt
146,infrastructure,3,146-Karelia.txt
146,industrial_complex,2,146-Karelia.txt
147,infrastructure,1,147-Salla.txt
148,infrastructure,1,148-Lappi.txt
149,infrastructure,2,149-Vaasa.txt
149,industrial_complex,2,149-Vaasa.txt
15,infrastructure,4,15-Normandy.txt
15,industrial_complex,2,15-Normandy.txt
15,air_base,6,15-Normandy.txt
15,naval_base,1,15-Normandy.txt
150,infrastructure,1,150-Kuopio.txt
150,industrial_complex,1,150-Kuopio.txt
151,infrastructure,1,151-Eastern Swiss Alps.txt
151,industrial_complex,1,151-Eastern Swiss Alps.txt
152,infrastructure,3,152-Upper Austria.txt
152,industrial_complex,1,152-Upper Austria.txt
153,infrastructure,3,153-Tyrol.txt
153,industrial_complex,1,153-Tyrol.txt
153,air_base,3,153-Tyrol.txt
154,infrastructure,3,154-Southern plain.txt
154,industrial_complex,2,154-Southern plain.txt
154,arms_factory,1,154-Southern plain.txt
154,air_base,2,154-Southern plain.txt
155,infrastructure,3,155-Western Hungary.txt
155,industrial_complex,2,155-Western Hungary.txt
155,arms_factory,1,155-Western Hungary.txt
155,air_base,1,155-Western Hungary.txt
156,infrastructure,2,156-Calabria.txt
156,dockyard,1,156-Calabria.txt
156,fuel_silo,1,156-Calabria.txt
157,infrastructure,3,157-Abruzzo.txt
157,industrial_complex,1,157-Abruzzo.txt
158,infrastructure,4,158-Piedmont.txt
158,arms_factory,7,158-Piedmont.txt
158,industrial_complex,1,158-Piedmont.txt
158,dockyard,2,158-Piedmont.txt
158,air_base,8,158-Piedmont.txt
159,infrastructure,4,159-Lombardy.txt
159,arms_factory,7,159-Lombardy.txt
159,industrial_complex,3,159-Lombardy.txt
159,air_base,10,159-Lombardy.txt
16,infrastructure,4,16-Ile de France.txt
16,arms_factory,4,16-Ile de France.txt
16,industrial_complex,4,16-Ile de France.txt
16,anti_air_building,3,16-Ile de France.txt
16,air_base,5,16-Ile de France.txt
160,infrastructure,3,160-Veneto.txt
160,arms_factory,2,160-Veneto.txt
160,industrial_complex,4,160-Veneto.txt
160,dockyard,1,160-Veneto.txt
160,air_base,3,160-Veneto.txt
161,infrastructure,4,161-Emilia Romagna.txt
161,industrial_complex,1,161-Emilia Romagna.txt
161,air_base,2,161-Emilia Romagna.txt
162,infrastructure,4,162-Tuscany.txt
162,arms_factory,1,162-Tuscany.txt
162,industrial_complex,1,162-Tuscany.txt
162,dockyard,3,162-Tuscany.txt
162,air_base,2,162-Tuscany.txt
163,infrastructure,3,163-Dalmatia.txt
164,infrastructure,3,164-Dodecanese.txt
164,air_base,1,164-Dodecanese.txt
165,infrastructure,4,165-Catalonia.txt
165,arms_factory,1,165-Catalonia.txt
165,industrial_complex,1,165-Catalonia.txt
165,air_base,2,165-Catalonia.txt
166,infrastructure,3,166-Western Aragon.txt
166,industrial_complex,1,166-Western Aragon.txt
166,air_base,3,166-Western Aragon.txt
167,infrastructure,3,167-Valencia.txt
167,dockyard,1,167-Valencia.txt
167,air_base,3,167-Valencia.txt
168,infrastructure,3,168-Murcia.txt
168,dockyard,1,168-Murcia.txt
168,air_base,2,168-Murcia.txt
169,infrastructure,3,169-Sevilla.txt
169,industrial_complex,1,169-Sevilla.txt
169,arms_factory,1,169-Sevilla.txt
169,air_base,3,169-Sevilla.txt
17,infrastructure,4,17-Alcase Lorraine.txt
17,industrial_complex,1,17-Alcase Lorraine.txt
17,air_base,5,17-Alcase Lorraine.txt
170,infrastructure,3,170-Extremadura.txt
170,industrial_complex,1,170-Extremadura.txt
171,infrastructure,3,171-Galicia.txt
171,dockyard,2,171-Galicia.txt
171,arms_factory,1,171-Galicia.txt
171,air_base,2,171-Galicia.txt
172,infrastructure,3,172-Navarre.txt
173,infrastructure,3,173-Granada.txt
173,industrial_complex,2,173-Granada.txt
173,air_base,4,173-Granada.txt
174,infrastructure,3,174-Leon.txt
174,industrial_complex,1,174-Leon.txt
175,industrial_complex,1,175-Ciudad Real.txt
175,infrastructure,3,175-Ciudad Real.txt
176,infrastructure,3,176-Burgos.txt
176,industrial_complex,1,176-Burgos.txt
177,infrastructure,3,177-Balearic Islands.txt
177,air_base,1,177-Balearic Islands.txt
178,infrastructure,2,178-Canary islands.txt
179,infrastructure,3,179-Beja.txt
179,industrial_complex,3,179-Beja.txt
18,infrastructure,4,18-Champagne.txt
18,industrial_complex,1,18-Champagne.txt
18,air_base,10,18-Champagne.txt
180,infrastructure,3,180-Porto.txt
180,industrial_complex,2,180-Porto.txt
180,dockyard,1,180-Porto.txt
181,infrastructure,2,181-Guarda.txt
181,industrial_complex,2,181-Guarda.txt
182,infrastructure,2,182-Crete.txt
182,air_base,2,182-Crete.txt
183,infrastructure,2,183-Cyprus.txt
183,air_base,1,183-Cyprus.txt
184,infrastructure,1,184-Thrace.txt
184,arms_factory,1,184-Thrace.txt
185,infrastructure,2,185-Epirus.txt
185,industrial_complex,1,185-Epirus.txt
185,air_base,3,185-Epirus.txt
186,infrastructure,2,186-Peloponnese.txt
186,arms_factory,1,186-Peloponnese.txt
187,infrastructure,1,187-Aegean Islands.txt
187,dockyard,1,187-Aegean Islands.txt
188,infrastructure,3,188-Memel.txt
188,industrial_complex,1,188-Memel.txt
189,infrastructure,3,189-Kaunas.txt
19,infrastructure,3,19-Aquitaine.txt
19,arms_factory,1,19-Aquitaine.txt
19,dockyard,1,19-Aquitaine.txt
19,air_base,3,19-Aquitaine.txt
190,infrastructure,3,190-Kurzeme.txt
190,dockyard,1,190-Kurzeme.txt
191,infrastructure,3,191-Tartu.txt
192,infrastructure,3,192-Odessa.txt
192,industrial_complex,1,192-Odessa.txt
192,air_base,6,192-Odessa.txt
192,naval_base,3,192-Odessa.txt
192,coastal_bunker,1,192-Odessa.txt
193,infrastructure,3,193-Kiev.txt
193,air_base,8,193-Kiev.txt
194,infrastructure,2,194-Pinsk Marches.txt
194,air_base,3,194-Pinsk Marches.txt
195,infrastructure,4,195-Leningrad Area.txt
195,arms_factory,6,195-Leningrad Area.txt
195,industrial_complex,1,195-Leningrad Area.txt
195,dockyard,3,195-Leningrad Area.txt
195,air_base,10,195-Leningrad Area.txt
195,naval_base,10,195-Leningrad Area.txt
195,coastal_bunker,5,195-Leningrad Area.txt
196,infrastructure,3,196-Kherson.txt
196,air_base,3,196-Kherson.txt
197,infrastructure,3,197-Mykolaiv.txt
197,dockyard,1,197-Mykolaiv.txt
198,infrastructure,3,198-Vinnytsia.txt
198,air_base,3,198-Vinnytsia.txt
199,infrastructure,3,199-Khmelnytskyi.txt
199,industrial_complex,1,199-Khmelnytskyi.txt
199,air_base,3,199-Khmelnytskyi.txt
2,infrastructure,4,2-Italy.txt
2,air_base,8,2-Italy.txt
2,arms_factory,1,2-Italy.txt
2,industrial_complex,4,2-Italy.txt
20,infrastructure,4,20-Franche-comte.txt
20,arms_factory,1,20-Franche-comte.txt
20,industrial_complex,2,20-Franche-comte.txt
20,air_base,4,20-Franche-comte.txt
200,infrastructure,3,200-Rivne.txt
200,air_base,3,200-Rivne.txt
201,infrastructure,3,201-Zhytomyr.txt
201,air_base,3,201-Zhytomyr.txt
202,infrastructure,4,202-Western Kiev.txt
202,arms_factory,2,202-Western Kiev.txt
202,industrial_complex,3,202-Western Kiev.txt
202,fuel_silo,1,202-Western Kiev.txt
202,air_base,8,202-Western Kiev.txt
203,infrastructure,3,203-Cherkasy.txt
203,industrial_complex,1,203-Cherkasy.txt
204,infrastructure,3,204-Brest.txt
205,infrastructure,3,205-Hrodna.txt
206,infrastructure,3,206-Minsk.txt
206,industrial_complex,2,206-Minsk.txt
206,air_base,8,206-Minsk.txt
207,infrastructure,3,207-Viciebsk.txt
207,air_base,5,207-Viciebsk.txt
208,infrastructure,3,208-Pskov.txt
208,air_base,3,208-Pskov.txt
209,infrastructure,3,209-Smolensk.txt
209,air_base,4,209-Smolensk.txt
21,infrastructure,3,21-Bouches-du-Rhone.txt
21,industrial_complex,1,21-Bouches-du-Rhone.txt
21,dockyard,1,21-Bouches-du-Rhone.txt
21,arms_factory,1,21-Bouches-du-Rhone.txt
21,fuel_silo,1,21-Bouches-du-Rhone.txt
21,air_base,10,21-Bouches-du-Rhone.txt
210,infrastructure,3,210-Bryansk.txt
211,infrastructure,2,211-Burgas.txt
211,industrial_complex,2,211-Burgas.txt
212,infrastructure,2,212-Plovdiv.txt
212,arms_factory,3,212-Plovdiv.txt
212,industrial_complex,2,212-Plovdiv.txt
212,air_base,2,212-Plovdiv.txt
213,infrastructure,1,213-Murmansk.txt
213,air_base,2,213-Murmansk.txt
214,infrastructure,1,214-Arkhangelsk.txt
214,industrial_complex,1,214-Arkhangelsk.txt
214,air_base,3,214-Arkhangelsk.txt
215,infrastructure,2,215-Eastern Karelia.txt
216,infrastructure,2,216-Below Zero.txt
216,air_base,3,216-Below Zero.txt
217,infrastructure,4,217-Stalingrad Area.txt
217,arms_factory,2,217-Stalingrad Area.txt
217,industrial_complex,1,217-Stalingrad Area.txt
217,air_base,1,217-Stalingrad Area.txt
218,infrastructure,3,218-Rostov Area.txt
218,arms_factory,1,218-Rostov Area.txt
218,industrial_complex,1,218-Rostov Area.txt
218,air_base,3,218-Rostov Area.txt
218,naval_base,5,218-Rostov Area.txt
219,infrastructure,4,219-Moscow Area.txt
219,arms_factory,7,219-Moscow Area.txt
219,industrial_complex,3,219-Moscow Area.txt
219,air_base,10,219-Moscow Area.txt
22,infrastructure,3,22-Roussillion.txt
22,industrial_complex,2,22-Roussillion.txt
22,air_base,2,22-Roussillion.txt
220,infrastructure,3,220-Kursk Area.txt
220,air_base,1,220-Kursk Area.txt
221,infrastructure,4,221-Kharkov.txt
221,arms_factory,1,221-Kharkov.txt
221,industrial_complex,1,221-Kharkov.txt
221,air_base,5,221-Kharkov.txt
222,infrastructure,3,222-Orel.txt
222,industrial_complex,1,222-Orel.txt
222,air_base,4,222-Orel.txt
223,infrastructure,3,223-tula.txt
223,arms_factory,2,223-tula.txt
223,air_base,1,223-tula.txt
223,synthetic_refinery,1,223-tula.txt
224,infrastructure,3,224-Bryansk.txt
224,air_base,2,224-Bryansk.txt
225,infrastructure,3,225-Glukhov.txt
226,infrastructure,3,226-Nikopol.txt
226,industrial_complex,2,226-Nikopol.txt
226,air_base,2,226-Nikopol.txt
227,infrastructure,3,227-Stalino.txt
228,infrastructure,3,228-Taganrog.txt
229,infrastructure,2,229-baku.txt
229,industrial_complex,1,229-baku.txt
229,fuel_silo,1,229-baku.txt
229,air_base,1,229-baku.txt
23,infrastructure,3,23-Poitou.txt
23,industrial_complex,1,23-Poitou.txt
230,infrastructure,2,230-Armenia.txt
230,industrial_complex,2,230-Armenia.txt
230,air_base,2,230-Armenia.txt
231,infrastructure,2,231-Georgia.txt
231,industrial_complex,1,231-Georgia.txt
231,air_base,3,231-Georgia.txt
232,infrastructure,2,232-Grozny.txt
233,infrastructure,2,233-Caucasus Mountains.txt
234,infrastructure,3,234-Krasodar.txt
234,industrial_complex,1,234-Krasodar.txt
235,infrastructure,2,235-Stravropol.txt
235,air_base,2,235-Stravropol.txt
236,infrastructure,2,236-Astrakhan.txt
236,air_base,1,236-Astrakhan.txt
237,infrastructure,1,237-Elista.txt
238,infrastructure,2,238-volgodonsk.txt
239,infrastructure,3,239-Saratov.txt
239,industrial_complex,1,239-Saratov.txt
24,infrastructure,4,24-Centre.txt
24,industrial_complex,2,24-Centre.txt
240,infrastructure,3,240-Voronezh.txt
241,infrastructure,3,241-Pochep.txt
241,air_base,3,241-Pochep.txt
242,infrastructure,3,242-Smolensk.txt
242,industrial_complex,1,242-Smolensk.txt
242,air_base,5,242-Smolensk.txt
243,infrastructure,3,243-Roslavl.txt
243,air_base,2,243-Roslavl.txt
244,infrastructure,3,244-Gatchina.txt
245,infrastructure,3,245-Donetsk.txt
246,infrastructure,3,246-Rzhev.txt
247,infrastructure,3,247-Tver.txt
247,air_base,2,247-Tver.txt
248,infrastructure,3,248-Yaroslavl.txt
248,industrial_complex,1,248-Yaroslavl.txt
248,air_base,1,248-Yaroslavl.txt
249,infrastructure,3,249-Kazan.txt
249,arms_factory,1,249-Kazan.txt
25,infrastructure,3,25-Limousin.txt
250,infrastructure,2,250-ulyanovsky.txt
250,industrial_complex,1,250-ulyanovsky.txt
251,infrastructure,3,251-Samara.txt
251,arms_factory,2,251-Samara.txt
251,air_base,1,251-Samara.txt
252,infrastructure,3,252-Nizhny Novogrod.txt
252,arms_factory,2,252-Nizhny Novogrod.txt
252,air_base,1,252-Nizhny Novogrod.txt
253,infrastructure,3,253-Ivanovo.txt
254,infrastructure,3,254-Ryazan.txt
255,infrastructure,2,255-Penza.txt
256,infrastructure,2,256-Cheboksary.txt
257,infrastructure,2,257-Livny.txt
258,infrastructure,3,258-lipetsk.txt
259,infrastructure,3,259-Liski.txt
26,infrastructure,3,26-Bourgogne.txt
26,industrial_complex,1,26-Bourgogne.txt
260,infrastructure,3,260-Borisoglbsk.txt
260,arms_factory,1,260-Borisoglbsk.txt
260,synthetic_refinery,1,260-Borisoglbsk.txt
261,infrastructure,4,261-USA.txt
261,arms_factory,1,261-USA.txt
261,industrial_complex,6,261-USA.txt
262,infrastructure,1,262-Torzhok.txt
263,infrastructure,3,263-Veliky Novogrod.txt
263,air_base,2,263-Veliky Novogrod.txt
264,infrastructure,2,264-Tikhvin.txt
264,air_base,1,264-Tikhvin.txt
265,infrastructure,3,265-Mikhaylovka.txt
266,infrastructure,2,266-Persia.txt
266,arms_factory,1,266-Persia.txt
266,industrial_complex,2,266-Persia.txt
266,air_base,3,266-Persia.txt
267,infrastructure,1,267-Afghanistan.txt
267,arms_factory,1,267-Afghanistan.txt
267,industrial_complex,1,267-Afghanistan.txt
268,infrastructure,2,268-French Somaliland.txt
268,air_base,2,268-French Somaliland.txt
269,infrastructure,2,269-British Somaliland.txt
27,infrastructure,4,27-Champagne2.txt
27,industrial_complex,2,27-Champagne2.txt
27,air_base,2,27-Champagne2.txt
270,infrastructure,1,270-Pitcarin Island.txt
271,infrastructure,2,271-ethiopia.txt
271,arms_factory,2,271-ethiopia.txt
271,industrial_complex,1,271-ethiopia.txt
271,air_base,1,271-ethiopia.txt
272,infrastructure,2,272-French Africa.txt
272,air_base,4,272-French Africa.txt
273,infrastructure,0,273-Italian Africa.txt
274,infrastructure,2,274-British Africa.txt
275,infrastructure,3,275-South Africa.txt
275,arms_factory,1,275-South Africa.txt
275,industrial_complex,5,275-South Africa.txt
275,air_base,3,275-South Africa.txt
276,infrastructure,4,276-Canada.txt
276,arms_factory,2,276-Canada.txt
276,industrial_complex,4,276-Canada.txt
276,air_base,5,276-Canada.txt
277,infrastructure,3,277-Mexico.txt
277,arms_factory,2,277-Mexico.txt
277,industrial_complex,4,277-Mexico.txt
277,air_base,3,277-Mexico.txt
278,infrastructure,3,278-Argentina.txt
278,arms_factory,2,278-Argentina.txt
278,industrial_complex,5,278-Argentina.txt
278,dockyard,1,278-Argentina.txt
278,air_base,4,278-Argentina.txt
279,infrastructure,3,279-Chile.txt
279,arms_factory,1,279-Chile.txt
279,industrial_complex,3,279-Chile.txt
279,dockyard,2,279-Chile.txt
279,air_base,3,279-Chile.txt
28,infrastructure,4,28-Alcase.txt
28,industrial_complex,3,28-Alcase.txt
28,anti_air_building,5,28-Alcase.txt
28,air_base,5,28-Alcase.txt
280,infrastructure,1,280-Brazil.txt
281,infrastructure,2,281-India.txt
282,infrastructure,4,282-Japan.txt
282,air_base,6,282-Japan.txt
282,industrial_complex,4,282-Japan.txt
282,arms_factory,2,282-Japan.txt
282,dockyard,4,282-Japan.txt
283,infrastructure,2,283-China.txt
283,industrial_complex,1,283-China.txt
284,infrastructure,3,284-New Zealand.txt
284,arms_factory,1,284-New Zealand.txt
284,industrial_complex,4,284-New Zealand.txt
284,air_base,3,284-New Zealand.txt
285,infrastructure,3,285-Austraila.txt
285,arms_factory,2,285-Austraila.txt
285,industrial_complex,4,285-Austraila.txt
285,dockyard,2,285-Austraila.txt
285,air_base,5,285-Austraila.txt
286,infrastructure,2,286-Indochina.txt
286,industrial_complex,1,286-Indochina.txt
286,air_base,2,286-Indochina.txt
287,infrastructure,0,287-Sinkiang.txt
288,infrastructure,1,288-Magwe.txt
289,infrastructure,2,289-Siam.txt
289,arms_factory,1,289-Siam.txt
289,industrial_complex,5,289-Siam.txt
289,air_base,3,289-Siam.txt
29,infrastructure,4,29-Pas de Calais.txt
29,industrial_complex,3,29-Pas de Calais.txt
29,air_base,10,29-Pas de Calais.txt
290,infrastructure,2,290-Spanish Africa.txt
290,air_base,3,290-Spanish Africa.txt
291,infrastructure,3,291-Iraq.txt
291,arms_factory,1,291-Iraq.txt
291,industrial_complex,1,291-Iraq.txt
291,air_base,4,291-Iraq.txt
292,infrastructure,1,292-Saudi Arabia.txt
292,arms_factory,1,292-Saudi Arabia.txt
292,industrial_complex,1,292-Saudi Arabia.txt
293,infrastructure,2,293-Yemen.txt
293,arms_factory,1,293-Yemen.txt
293,industrial_complex,1,293-Yemen.txt
294,infrastructure,1,294-Oman.txt
294,arms_factory,1,294-Oman.txt
294,industrial_complex,1,294-Oman.txt
295,infrastructure,2,295-Congo.txt
295,industrial_complex,1,295-Congo.txt
296,infrastructure,1,296-Portugal Africa.txt
296,naval_base,1,296-Portugal Africa.txt
297,infrastructure,1,297-Belgian Africa.txt
298,infrastructure,1,298-Liberia.txt
298,arms_factory,1,298-Liberia.txt
298,industrial_complex,1,298-Liberia.txt
299,infrastructure,1,299-Falkand Islands.txt
3,infrastructure,4,3-Swiss Plateau.txt
3,arms_factory,3,3-Swiss Plateau.txt
3,industrial_complex,3,3-Swiss Plateau.txt
3,air_base,4,3-Swiss Plateau.txt
30,infrastructure,4,30-Loire.txt
30,industrial_complex,1,30-Loire.txt
30,dockyard,1,30-Loire.txt
30,air_base,2,30-Loire.txt
300,infrastructure,3,300-Uruguay.txt
300,arms_factory,1,300-Uruguay.txt
300,industrial_complex,4,300-Uruguay.txt
300,dockyard,1,300-Uruguay.txt
300,air_base,1,300-Uruguay.txt
301,infrastructure,2,301-paraguay.txt
301,arms_factory,1,301-paraguay.txt
301,industrial_complex,3,301-paraguay.txt
301,air_base,1,301-paraguay.txt
302,infrastructure,2,302-bolivia.txt
302,arms_factory,1,302-bolivia.txt
302,industrial_complex,5,302-bolivia.txt
302,air_base,2,302-bolivia.txt
303,infrastructure,2,303-Peru.txt
303,arms_factory,1,303-Peru.txt
303,industrial_complex,6,303-Peru.txt
303,air_base,3,303-Peru.txt
304,infrastructure,2,304-Panama.txt
304,arms_factory,1,304-Panama.txt
304,industrial_complex,2,304-Panama.txt
304,air_base,1,304-Panama.txt
305,infrastructure,2,305-Ecuador.txt
305,arms_factory,1,305-Ecuador.txt
305,industrial_complex,4,305-Ecuador.txt
305,air_base,1,305-Ecuador.txt
306,infrastructure,2,306-Colombia.txt
306,arms_factory,1,306-Colombia.txt
306,industrial_complex,5,306-Colombia.txt
306,air_base,2,306-Colombia.txt
307,infrastructure,2,307-Venezuela.txt
307,arms_factory,1,307-Venezuela.txt
307,industrial_complex,5,307-Venezuela.txt
307,air_base,2,307-Venezuela.txt
308,infrastructure,2,308-Britain SA.txt
309,infrastructure,2,309-Dutch SA.txt
309,industrial_complex,1,309-Dutch SA.txt
31,infrastructure,3,31-Midi Pyrenees.txt
31,arms_factory,1,31-Midi Pyrenees.txt
31,industrial_complex,1,31-Midi Pyrenees.txt
31,air_base,2,31-Midi Pyrenees.txt
310,infrastructure,1,310-French SA.txt
311,infrastructure,2,311-BritMex.txt
312,infrastructure,2,312-Honduras.txt
312,arms_factory,1,312-Honduras.txt
312,industrial_complex,2,312-Honduras.txt
312,air_base,1,312-Honduras.txt
313,infrastructure,2,313-Guatemala.txt
313,arms_factory,1,313-Guatemala.txt
313,industrial_complex,2,313-Guatemala.txt
313,air_base,1,313-Guatemala.txt
314,infrastructure,2,314-El Salvador.txt
314,arms_factory,1,314-El Salvador.txt
314,industrial_complex,2,314-El Salvador.txt
314,air_base,1,314-El Salvador.txt
315,infrastructure,2,315-Cuba.txt
315,arms_factory,1,315-Cuba.txt
315,industrial_complex,3,315-Cuba.txt
315,air_base,1,315-Cuba.txt
316,infrastructure,2,316-Costa Rica.txt
316,arms_factory,1,316-Costa Rica.txt
316,industrial_complex,2,316-Costa Rica.txt
316,air_base,1,316-Costa Rica.txt
317,infrastructure,2,317-Nicaragua.txt
317,arms_factory,1,317-Nicaragua.txt
317,industrial_complex,2,317-Nicaragua.txt
317,air_base,1,317-Nicaragua.txt
318,infrastructure,2,318-Haiti.txt
318,arms_factory,1,318-Haiti.txt
318,industrial_complex,2,318-Haiti.txt
318,air_base,1,318-Haiti.txt
319,infrastructure,2,319-Dominican Republic.txt
319,arms_factory,1,319-Dominican Republic.txt
319,industrial_complex,3,319-Dominican Republic.txt
319,air_base,1,319-Dominican Republic.txt
32,infrastructure,2,32-Rhone Alpes.txt
320,infrastructure,3,320-French India.txt
321,infrastructure,3,321-Goa.txt
321,naval_base,1,321-Goa.txt
322,infrastructure,1,322-Tibet.txt
322,industrial_complex,1,322-Tibet.txt
323,infrastructure,2,323-Nepal.txt
323,arms_factory,1,323-Nepal.txt
323,industrial_complex,2,323-Nepal.txt
324,infrastructure,1,324-Bhutan.txt
324,arms_factory,1,324-Bhutan.txt
324,industrial_complex,2,324-Bhutan.txt
325,infrastructure,2,325-Yunnan.txt
325,arms_factory,1,325-Yunnan.txt
325,industrial_complex,3,325-Yunnan.txt
326,infrastructure,3,326-HongKong.txt
326,air_base,1,326-HongKong.txt
327,infrastructure,3,327-Philippines.txt
327,industrial_complex,3,327-Philippines.txt
327,dockyard,1,327-Philippines.txt
327,air_base,6,327-Philippines.txt
328,infrastructure,2,328-Manchukuo.txt
328,industrial_complex,1,328-Manchukuo.txt
329,infrastructure,1,329-Tannu Tuva.txt
329,arms_factory,1,329-Tannu Tuva.txt
329,industrial_complex,1,329-Tannu Tuva.txt
33,infrastructure,3,33-Centre sud.txt
330,infrastructure,1,330-Mongolia.txt
330,arms_factory,1,330-Mongolia.txt
330,industrial_complex,3,330-Mongolia.txt
330,air_base,1,330-Mongolia.txt
331,infrastructure,2,331-Newfoundland.txt
331,industrial_complex,1,331-Newfoundland.txt
332,infrastructure,1,332-Labrador.txt
333,infrastructure,2,333-British Borneo.txt
334,infrastructure,1,334-Dutch Borneo.txt
335,infrastructure,3,335-Dutch East Indies.txt
335,industrial_complex,1,335-Dutch East Indies.txt
335,dockyard,1,335-Dutch East Indies.txt
335,air_base,3,335-Dutch East Indies.txt
336,infrastructure,2,336-Singapore.txt
336,industrial_complex,1,336-Singapore.txt
336,air_base,2,336-Singapore.txt
337,infrastructure,2,337-Faroe Islands.txt
338,infrastructure,4,338-Gloucestershire.txt
338,arms_factory,1,338-Gloucestershire.txt
338,industrial_complex,1,338-Gloucestershire.txt
338,air_base,2,338-Gloucestershire.txt
339,infrastructure,2,339-Izmir.txt
339,industrial_complex,1,339-Izmir.txt
339,air_base,2,339-Izmir.txt
34,infrastructure,3,34-Wallonie.txt
34,arms_factory,1,34-Wallonie.txt
34,industrial_complex,4,34-Wallonie.txt
34,air_base,1,34-Wallonie.txt
340,infrastructure,2,340-Bursa.txt
340,industrial_complex,1,340-Bursa.txt
340,dockyard,1,340-Bursa.txt
341,infrastructure,2,341-Edirne.txt
341,industrial_complex,1,341-Edirne.txt
342,infrastructure,2,342-Antalya.txt
342,industrial_complex,1,342-Antalya.txt
343,infrastructure,2,343-Afyon.txt
343,industrial_complex,1,343-Afyon.txt
344,infrastructure,2,344-Adana.txt
344,industrial_complex,1,344-Adana.txt
345,infrastructure,2,345-Mersin.txt
346,infrastructure,2,346-Konya.txt
346,air_base,5,346-Konya.txt
347,infrastructure,2,347-Izmit.txt
347,industrial_complex,1,347-Izmit.txt
348,infrastructure,2,348-Kayseri.txt
349,infrastructure,2,349-Silvas.txt
35,infrastructure,3,35-Gelderland.txt
35,industrial_complex,5,35-Gelderland.txt
350,infrastructure,2,350-Diyarbekir.txt
350,air_base,2,350-Diyarbekir.txt
351,infrastructure,2,351-Vologda.txt
352,infrastructure,1,352-Hakkari.txt
353,infrastructure,1,353-Erzurum.txt
354,infrastructure,2,354-Trabzon.txt
355,infrastructure,2,355-Samsun.txt
356,infrastructure,2,356-Sinop.txt
357,infrastructure,4,357-New England.txt
357,arms_factory,1,357-New England.txt
357,industrial_complex,5,357-New England.txt
357,dockyard,4,357-New England.txt
357,air_base,10,357-New England.txt
358,infrastructure,4,358-New York.txt
358,arms_factory,2,358-New York.txt
358,industrial_complex,7,358-New York.txt
358,dockyard,3,358-New York.txt
358,air_base,10,358-New York.txt
359,infrastructure,4,359-New Jersey.txt
359,industrial_complex,7,359-New Jersey.txt
359,air_base,4,359-New Jersey.txt
36,infrastructure,2,36-Friesland.txt
36,industrial_complex,2,36-Friesland.txt
360,infrastructure,4,360-Pennsylvania.txt
360,industrial_complex,5,360-Pennsylvania.txt
360,dockyard,7,360-Pennsylvania.txt
360,air_base,2,360-Pennsylvania.txt
361,infrastructure,4,361-Maryland.txt
361,industrial_complex,5,361-Maryland.txt
361,dockyard,1,361-Maryland.txt
361,air_base,6,361-Maryland.txt
362,infrastructure,3,362-Virginia.txt
362,industrial_complex,2,362-Virginia.txt
362,dockyard,4,362-Virginia.txt
362,air_base,6,362-Virginia.txt
362,fuel_silo,1,362-Virginia.txt
363,infrastructure,3,363-North Carolina.txt
363,industrial_complex,3,363-North Carolina.txt
363,air_base,3,363-North Carolina.txt
364,infrastructure,3,364-South Carolina.txt
364,industrial_complex,2,364-South Carolina.txt
365,infrastructure,3,365-Georgia.txt
365,industrial_complex,3,365-Georgia.txt
365,air_base,2,365-Georgia.txt
366,infrastructure,2,366-Florida.txt
366,industrial_complex,3,366-Florida.txt
366,air_base,8,366-Florida.txt
367,infrastructure,3,367-Alabama.txt
367,industrial_complex,3,367-Alabama.txt
368,infrastructure,3,368-Tennesse.txt
368,industrial_complex,3,368-Tennesse.txt
369,infrastructure,3,369-Kentucky.txt
369,industrial_complex,3,369-Kentucky.txt
369,air_base,4,369-Kentucky.txt
37,infrastructure,3,37-Denmark.txt
37,arms_factory,2,37-Denmark.txt
37,industrial_complex,3,37-Denmark.txt
37,dockyard,2,37-Denmark.txt
37,air_base,6,37-Denmark.txt
370,infrastructure,2,370-Mississippi.txt
370,industrial_complex,1,370-Mississippi.txt
370,air_base,3,370-Mississippi.txt
371,infrastructure,3,371-Louisiana.txt
371,industrial_complex,2,371-Louisiana.txt
371,air_base,5,371-Louisiana.txt
372,infrastructure,2,372-Arkansas.txt
372,industrial_complex,2,372-Arkansas.txt
373,infrastructure,3,373-Missouri.txt
373,industrial_complex,5,373-Missouri.txt
374,infrastructure,2,374-Oklahoma.txt
374,industrial_complex,2,374-Oklahoma.txt
374,air_base,2,374-Oklahoma.txt
375,infrastructure,3,375-Texas.txt
375,industrial_complex,9,375-Texas.txt
375,air_base,3,375-Texas.txt
376,infrastructure,2,376-New Mexico.txt
376,industrial_complex,1,376-New Mexico.txt
377,infrastructure,2,377-Arizona.txt
377,industrial_complex,1,377-Arizona.txt
377,air_base,2,377-Arizona.txt
378,infrastructure,3,378-California.txt
378,arms_factory,2,378-California.txt
378,industrial_complex,6,378-California.txt
378,dockyard,2,378-California.txt
378,air_base,10,378-California.txt
379,infrastructure,2,379-Nevada.txt
38,infrastructure,2,38-Sweden.txt
38,industrial_complex,1,38-Sweden.txt
38,air_base,3,38-Sweden.txt
380,infrastructure,2,380-Utah.txt
380,industrial_complex,1,380-Utah.txt
381,infrastructure,2,381-Wyoming.txt
382,infrastructure,2,382-Colorado.txt
382,industrial_complex,1,382-Colorado.txt
383,infrastructure,2,383-Kansas.txt
383,arms_factory,1,383-Kansas.txt
383,industrial_complex,1,383-Kansas.txt
384,infrastructure,2,384-Nebraska.txt
384,industrial_complex,1,384-Nebraska.txt
385,infrastructure,3,385-Oregon.txt
385,industrial_complex,1,385-Oregon.txt
385,air_base,6,385-Oregon.txt
386,infrastructure,3,386-Washington.txt
386,arms_factory,1,386-Washington.txt
386,industrial_complex,1,386-Washington.txt
386,dockyard,1,386-Washington.txt
386,air_base,5,386-Washington.txt
387,infrastructure,2,387-Idaho.txt
388,infrastructure,2,388-Montana.txt
389,infrastructure,2,389-North Dakota.txt
389,industrial_complex,1,389-North Dakota.txt
39,infrastructure,2,39-South Tyrol.txt
39,industrial_complex,1,39-South Tyrol.txt
390,infrastructure,2,390-South Dakota.txt
390,industrial_complex,1,390-South Dakota.txt
391,infrastructure,3,391-Minnesota.txt
391,industrial_complex,3,391-Minnesota.txt
392,infrastructure,3,392-Iowa.txt
392,industrial_complex,4,392-Iowa.txt
393,infrastructure,3,393-Michigan.txt
393,arms_factory,1,393-Michigan.txt
393,industrial_complex,6,393-Michigan.txt
393,air_base,4,393-Michigan.txt
394,infrastructure,3,394-Wisconsin.txt
394,industrial_complex,3,394-Wisconsin.txt
395,infrastructure,4,395-Illinois.txt
395,arms_factory,1,395-Illinois.txt
395,industrial_complex,11,395-Illinois.txt
395,air_base,3,395-Illinois.txt
396,infrastructure,3,396-Indiana.txt
396,industrial_complex,5,396-Indiana.txt
397,infrastructure,1,397-Syktyvkar.txt
398,infrastructure,3,398-Perm.txt
398,arms_factory,1,398-Perm.txt
399,infrastructure,2,399-Izhevsk.txt
4,infrastructure,4,4-Austria.txt
4,arms_factory,3,4-Austria.txt
4,industrial_complex,4,4-Austria.txt
4,air_base,6,4-Austria.txt
40,infrastructure,1,40-USSR.txt
40,industrial_complex,1,40-USSR.txt
400,infrastructure,2,400-Kirov.txt
401,infrastructure,2,401-Engels.txt
402,infrastructure,2,402-Akhtubinsk.txt
403,infrastructure,2,403-Kharabali.txt
404,infrastructure,1,404-Saykhin.txt
405,infrastructure,3,405-Atyrau.txt
405,industrial_complex,2,405-Atyrau.txt
405,air_base,1,405-Atyrau.txt
406,infrastructure,1,406-Krasnyy Yar.txt
407,infrastructure,2,407-Uralsk.txt
408,infrastructure,2,408-Vladivostok.txt
408,dockyard,1,408-Vladivostok.txt
408,air_base,5,408-Vladivostok.txt
409,infrastructure,2,409-Khabarovsk.txt
409,industrial_complex,1,409-Khabarovsk.txt
409,air_base,4,409-Khabarovsk.txt
41,infrastructure,3,41-Madrid.txt
41,arms_factory,2,41-Madrid.txt
41,industrial_complex,2,41-Madrid.txt
41,air_base,6,41-Madrid.txt
410,infrastructure,1,410-Sistan.txt
411,infrastructure,2,411-Hormozgan.txt
412,infrastructure,1,412-Fars.txt
413,infrastructure,3,413-Khuzestan.txt
414,infrastructure,1,414-Kerman.txt
415,infrastructure,1,415-South Khorasan.txt
415,arms_factory,1,415-South Khorasan.txt
415,industrial_complex,1,415-South Khorasan.txt
416,infrastructure,2,416-Razavi Khorasan.txt
416,industrial_complex,2,416-Razavi Khorasan.txt
417,infrastructure,2,417-Golestan.txt
418,infrastructure,1,418-Semnan.txt
419,infrastructure,1,419-Azerbaijan.txt
42,infrastructure,4,42-Rhineland.txt
42,industrial_complex,3,42-Rhineland.txt
420,infrastructure,2,420-Gilan.txt
421,infrastructure,1,421-Kurdistan.txt
422,infrastructure,2,422-Ceylon.txt
422,industrial_complex,1,422-Ceylon.txt
422,air_base,3,422-Ceylon.txt
423,infrastructure,2,423-Madras.txt
424,infrastructure,2,424-Andra Pradesh.txt
424,industrial_complex,1,424-Andra Pradesh.txt
425,infrastructure,2,425-Mysore.txt
425,industrial_complex,1,425-Mysore.txt
426,infrastructure,2,426-Orissa.txt
426,arms_factory,1,426-Orissa.txt
427,infrastructure,2,427-Hyderabad.txt
427,industrial_complex,2,427-Hyderabad.txt
427,air_base,3,427-Hyderabad.txt
428,infrastructure,2,428-Western Indian States.txt
428,arms_factory,1,428-Western Indian States.txt
429,infrastructure,2,429-Bombay.txt
429,industrial_complex,1,429-Bombay.txt
429,air_base,2,429-Bombay.txt
43,infrastructure,3,43-Hungary.txt
43,arms_factory,4,43-Hungary.txt
43,industrial_complex,4,43-Hungary.txt
43,air_base,4,43-Hungary.txt
430,infrastructure,3,430-Bangladesh.txt
430,industrial_complex,2,430-Bangladesh.txt
431,infrastructure,3,431-Calcutta.txt
431,industrial_complex,1,431-Calcutta.txt
431,dockyard,1,431-Calcutta.txt
431,air_base,2,431-Calcutta.txt
432,infrastructure,1,432-Assam.txt
433,infrastructure,1,433-Rajputana.txt
434,infrastructure,1,434-Arunachal Pradesh.txt
435,infrastructure,3,435-Bihar.txt
436,infrastructure,1,436-Central Provinces.txt
437,infrastructure,1,437-Central Indian Provinces.txt
438,infrastructure,1,438-United Provinces.txt
438,industrial_complex,1,438-United Provinces.txt
439,infrastructure,3,439-Delhi.txt
439,industrial_complex,1,439-Delhi.txt
439,air_base,4,439-Delhi.txt
44,infrastructure,2,44-Albania.txt
44,arms_factory,1,44-Albania.txt
44,industrial_complex,1,44-Albania.txt
44,air_base,3,44-Albania.txt
440,infrastructure,1,440-West Punjab.txt
440,industrial_complex,1,440-West Punjab.txt
441,infrastructure,1,441-Kashmir.txt
442,infrastructure,1,442-Peshawar.txt
442,air_base,1,442-Peshawar.txt
443,infrastructure,2,443-Sind.txt
443,industrial_complex,1,443-Sind.txt
444,infrastructure,1,444-Baluchistan States.txt
444,industrial_complex,1,444-Baluchistan States.txt
445,infrastructure,1,445-Quetta.txt
446,infrastructure,3,446-Cairo.txt
447,infrastructure,3,447-Alexandria.txt
447,industrial_complex,1,447-Alexandria.txt
447,air_base,6,447-Alexandria.txt
448,infrastructure,2,448-Tripoli.txt
448,air_base,6,448-Tripoli.txt
449,infrastructure,2,449-Libyan Coast.txt
45,infrastructure,3,45-Yugoslavia.txt
450,infrastructure,2,450-Benghasi.txt
450,air_base,1,450-Benghasi.txt
451,infrastructure,1,451-Derna.txt
451,air_base,4,451-Derna.txt
452,infrastructure,2,452-Marsa Matruh.txt
453,infrastructure,1,453-Sinai.txt
454,infrastructure,3,454-Israel.txt
454,industrial_complex,1,454-Israel.txt
454,air_base,2,454-Israel.txt
455,infrastructure,2,455-Jordan.txt
455,industrial_complex,1,455-Jordan.txt
456,infrastructure,2,456-Luxor.txt
457,infrastructure,1,457-Aswan.txt
458,infrastructure,2,458-Tunisia.txt
458,industrial_complex,1,458-Tunisia.txt
458,air_base,8,458-Tunisia.txt
459,infrastructure,2,459-Western Algeria.txt
459,air_base,5,459-Western Algeria.txt
46,infrastructure,3,46-Romania.txt
46,arms_factory,3,46-Romania.txt
46,industrial_complex,1,46-Romania.txt
46,air_base,3,46-Romania.txt
460,infrastructure,2,460-Eastern Algeria.txt
461,infrastructure,2,461-Northern Morocco.txt
461,industrial_complex,1,461-Northern Morocco.txt
461,air_base,4,461-Northern Morocco.txt
462,infrastructure,1,462-Southern Morocco.txt
463,infrastructure,1,463-Alaska.txt
463,air_base,1,463-Alaska.txt
464,infrastructure,3,464-Nova Scotia.txt
464,industrial_complex,1,464-Nova Scotia.txt
464,air_base,3,464-Nova Scotia.txt
465,infrastructure,3,465-New Brunswick.txt
465,industrial_complex,2,465-New Brunswick.txt
466,infrastructure,1,466-Quebec.txt
467,infrastructure,2,467-Manitoba.txt
467,industrial_complex,1,467-Manitoba.txt
468,infrastructure,3,468-Nunavut.txt
468,arms_factory,2,468-Nunavut.txt
468,industrial_complex,1,468-Nunavut.txt
468,air_base,3,468-Nunavut.txt
469,infrastructure,2,469-Saskatchewan.txt
469,industrial_complex,1,469-Saskatchewan.txt
47,infrastructure,2,47-Greece.txt
47,industrial_complex,3,47-Greece.txt
47,dockyard,1,47-Greece.txt
47,air_base,4,47-Greece.txt
470,infrastructure,3,470-Alberta.txt
470,industrial_complex,1,470-Alberta.txt
471,infrastructure,1,471-Northwestern Canada.txt
472,infrastructure,1,472-Northwest Territories.txt
473,infrastructure,3,473-British Columbia.txt
473,arms_factory,1,473-British Columbia.txt
473,industrial_complex,1,473-British Columbia.txt
473,dockyard,1,473-British Columbia.txt
473,air_base,3,473-British Columbia.txt
474,infrastructure,2,474-Yucatan.txt
474,air_base,1,474-Yucatan.txt
475,infrastructure,2,475-Chiapas.txt
476,infrastructure,2,476-Oaxaca.txt
476,air_base,2,476-Oaxaca.txt
477,infrastructure,2,477-Veracruz.txt
477,dockyard,1,477-Veracruz.txt
478,infrastructure,2,478-Nayarit.txt
478,industrial_complex,1,478-Nayarit.txt
479,infrastructure,2,479-Tamaulipas.txt
479,industrial_complex,1,479-Tamaulipas.txt
48,infrastructure,3,48-Bulgaria.txt
48,industrial_complex,6,48-Bulgaria.txt
48,air_base,3,48-Bulgaria.txt
480,infrastructure,2,480-Coahuila.txt
480,arms_factory,1,480-Coahuila.txt
480,industrial_complex,1,480-Coahuila.txt
481,infrastructure,2,481-Sinaloa.txt
481,dockyard,1,481-Sinaloa.txt
482,infrastructure,2,482-Chihuahua.txt
483,infrastructure,2,483-Sonora.txt
484,infrastructure,2,484-Baja California.txt
484,air_base,3,484-Baja California.txt
485,infrastructure,2,485-Guerrero.txt
485,industrial_complex,1,485-Guerrero.txt
486,infrastructure,1,486-Meta.txt
487,infrastructure,1,487-Amazinas.txt
487,industrial_complex,1,487-Amazinas.txt
488,infrastructure,1,488-Bolivar.txt
489,infrastructure,2,489-Monagas.txt
489,industrial_complex,2,489-Monagas.txt
49,infrastructure,2,49-Turkey.txt
49,arms_factory,2,49-Turkey.txt
49,industrial_complex,2,49-Turkey.txt
49,air_base,3,49-Turkey.txt
490,infrastructure,2,490-Pastaza.txt
490,industrial_complex,1,490-Pastaza.txt
490,air_base,1,490-Pastaza.txt
491,infrastructure,2,491-Loreto.txt
492,infrastructure,2,492-Piura.txt
492,industrial_complex,1,492-Piura.txt
492,air_base,1,492-Piura.txt
493,infrastructure,2,493-La Libertad.txt
493,industrial_complex,2,493-La Libertad.txt
493,air_base,4,493-La Libertad.txt
494,infrastructure,2,494-Ucayali.txt
495,infrastructure,0,495-Amazonas.txt
496,infrastructure,1,496-Para.txt
496,industrial_complex,1,496-Para.txt
497,infrastructure,1,497-Maranhao.txt
497,industrial_complex,1,497-Maranhao.txt
497,air_base,1,497-Maranhao.txt
498,infrastructure,3,498-Rio Grande.txt
498,industrial_complex,1,498-Rio Grande.txt
498,air_base,1,498-Rio Grande.txt
499,infrastructure,2,499-Bahia.txt
499,industrial_complex,2,499-Bahia.txt
499,air_base,1,499-Bahia.txt
5,infrastructure,3,5-Germany.txt
50,infrastructure,3,50-Baden.txt
50,arms_factory,3,50-Baden.txt
50,industrial_complex,1,50-Baden.txt
50,air_base,2,50-Baden.txt
500,infrastructure,3,500-Rio de Janerio.txt
500,arms_factory,2,500-Rio de Janerio.txt
500,industrial_complex,4,500-Rio de Janerio.txt
500,dockyard,2,500-Rio de Janerio.txt
500,air_base,7,500-Rio de Janerio.txt
501,arms_factory,1,501-Saol Paulo.txt
501,industrial_complex,3,501-Saol Paulo.txt
501,infrastructure,3,501-Saol Paulo.txt
502,infrastructure,3,502-Rio Grande Sul.txt
502,industrial_complex,1,502-Rio Grande Sul.txt
502,air_base,2,502-Rio Grande Sul.txt
503,infrastructure,2,503-Santa Catarina.txt
504,infrastructure,1,504-Iguacu.txt
505,infrastructure,1,505-Goias.txt
506,infrastructure,3,506-Northern Chile.txt
506,industrial_complex,2,506-Northern Chile.txt
506,dockyard,1,506-Northern Chile.txt
506,air_base,1,506-Northern Chile.txt
507,infrastructure,1,507-Southern Chile.txt
507,dockyard,1,507-Southern Chile.txt
508,infrastructure,2,508-Argentine Northwest.txt
508,industrial_complex,1,508-Argentine Northwest.txt
509,infrastructure,1,509-Gran Chaco.txt
509,industrial_complex,1,509-Gran Chaco.txt
51,infrastructure,4,51-Moselland.txt
51,arms_factory,3,51-Moselland.txt
51,industrial_complex,4,51-Moselland.txt
51,air_base,3,51-Moselland.txt
510,infrastructure,1,510-Mesopotamia.txt
510,industrial_complex,1,510-Mesopotamia.txt
511,infrastructure,2,511-Cuyo.txt
511,industrial_complex,1,511-Cuyo.txt
511,air_base,1,511-Cuyo.txt
512,infrastructure,1,512-Patagonia.txt
513,infrastructure,1,513-Southern Algeria.txt
514,infrastructure,0,514-North Africa.txt
516,infrastructure,1,516-Northern Siberia.txt
517,infrastructure,3,517-Victoria.txt
517,arms_factory,2,517-Victoria.txt
517,industrial_complex,5,517-Victoria.txt
517,air_base,3,517-Victoria.txt
518,infrastructure,3,518-Tasmania.txt
519,infrastructure,1,519-South Australia.txt
52,infrastructure,4,52-Wuttemberg.txt
52,arms_factory,2,52-Wuttemberg.txt
52,industrial_complex,1,52-Wuttemberg.txt
52,air_base,6,52-Wuttemberg.txt
520,infrastructure,2,520-Northern Territory.txt
520,air_base,1,520-Northern Territory.txt
521,infrastructure,3,521-Queensland.txt
521,industrial_complex,1,521-Queensland.txt
521,air_base,1,521-Queensland.txt
522,infrastructure,3,522-Western Australia.txt
522,industrial_complex,1,522-Western Australia.txt
522,air_base,1,522-Western Australia.txt
523,infrastructure,1,523-New Guinea.txt
523,air_base,3,523-New Guinea.txt
524,infrastructure,3,524-Taiwan.txt
524,arms_factory,1,524-Taiwan.txt
524,air_base,6,524-Taiwan.txt
525,infrastructure,2,525-South Korea.txt
525,arms_factory,1,525-South Korea.txt
526,infrastructure,2,526-Okinawa.txt
526,air_base,3,526-Okinawa.txt
527,infrastructure,2,527-North Korea.txt
527,industrial_complex,1,527-North Korea.txt
528,infrastructure,4,528-Nagasaki.txt
528,air_base,3,528-Nagasaki.txt
528,dockyard,3,528-Nagasaki.txt
528,arms_factory,1,528-Nagasaki.txt
528,industrial_complex,1,528-Nagasaki.txt
529,infrastructure,4,529-Hiroshima.txt
529,air_base,3,529-Hiroshima.txt
529,dockyard,2,529-Hiroshima.txt
529,arms_factory,2,529-Hiroshima.txt
529,industrial_complex,1,529-Hiroshima.txt
53,infrastructure,3,53-Oberbayern.txt
53,industrial_complex,1,53-Oberbayern.txt
530,infrastructure,2,530-Tokushima.txt
530,air_base,3,530-Tokushima.txt
530,arms_factory,1,530-Tokushima.txt
530,industrial_complex,2,530-Tokushima.txt
531,infrastructure,4,531-Osaka.txt
531,arms_factory,2,531-Osaka.txt
531,industrial_complex,4,531-Osaka.txt
531,dockyard,2,531-Osaka.txt
532,infrastructure,4,532-Nagoya.txt
532,arms_factory,1,532-Nagoya.txt
532,dockyard,1,532-Nagoya.txt
532,industrial_complex,2,532-Nagoya.txt
533,industrial_complex,1,533-Akita.txt
533,fuel_silo,1,533-Akita.txt
533,infrastructure,2,533-Akita.txt
533,air_base,6,533-Akita.txt
534,infrastructure,2,534-Niigata.txt
534,arms_factory,2,534-Niigata.txt
534,industrial_complex,2,534-Niigata.txt
534,fuel_silo,1,534-Niigata.txt
535,arms_factory,1,535-Nagano.txt
535,industrial_complex,2,535-Nagano.txt
535,infrastructure,2,535-Nagano.txt
535,dockyard,1,535-Nagano.txt
535,fuel_silo,1,535-Nagano.txt
536,infrastructure,2,536-Hokkaido.txt
537,infrastructure,2,537-South Sakhalin.txt
538,infrastructure,1,538-Cameroun.txt
539,infrastructure,2,539-Gabon.txt
54,infrastructure,4,54-Bayreuth.txt
54,industrial_complex,2,54-Bayreuth.txt
540,infrastructure,1,540-Angola.txt
541,infrastructure,2,541-South West Africa.txt
542,infrastructure,1,542-Bechuana Land.txt
543,infrastructure,1,543-Madagascar.txt
543,air_base,1,543-Madagascar.txt
544,infrastructure,2,544-East Africa.txt
544,industrial_complex,1,544-East Africa.txt
545,infrastructure,2,545-Rhodessa.txt
546,infrastructure,2,546-Tanganyika.txt
547,infrastructure,2,547-East Africa.txt
547,industrial_complex,1,547-East Africa.txt
548,infrastructure,2,548-Uganda.txt
549,infrastructure,2,549-Sudan.txt
55,infrastructure,4,55-Nassau.txt
55,arms_factory,1,55-Nassau.txt
55,industrial_complex,2,55-Nassau.txt
550,infrastructure,2,550-Eritrea.txt
550,air_base,3,550-Eritrea.txt
551,infrastructure,1,551-Khartoum.txt
551,industrial_complex,1,551-Khartoum.txt
551,air_base,2,551-Khartoum.txt
552,infrastructure,0,552-Western Egypt.txt
553,infrastructure,2,553-Lebanon.txt
553,industrial_complex,1,553-Lebanon.txt
553,air_base,5,553-Lebanon.txt
554,infrastructure,2,554-Syria.txt
554,air_base,1,554-Syria.txt
555,infrastructure,2,555-Lagos.txt
556,infrastructure,2,556-Mali.txt
557,infrastructure,1,557-Mauritania.txt
558,infrastructure,2,558-Nigeria.txt
558,arms_factory,0,558-Nigeria.txt
558,industrial_complex,1,558-Nigeria.txt
559,infrastructure,2,559-Somaliland.txt
559,air_base,1,559-Somaliland.txt
56,infrastructure,3,56-Weser-Ems.txt
56,industrial_complex,2,56-Weser-Ems.txt
56,dockyard,2,56-Weser-Ems.txt
56,fuel_silo,1,56-Weser-Ems.txt
56,air_base,3,56-Weser-Ems.txt
560,infrastructure,2,560-TS 2.txt
561,infrastructure,2,561-TS 3.txt
561,arms_factory,1,561-TS 3.txt
562,infrastructure,1,562-TS 4.txt
563,infrastructure,2,563-TS 5.txt
563,air_base,2,563-TS 5.txt
564,infrastructure,2,564-TS 6.txt
565,infrastructure,1,565-TS 7.txt
566,infrastructure,2,566-TS 8.txt
566,arms_factory,1,566-TS 8.txt
566,air_base,1,566-TS 8.txt
567,infrastructure,2,567-TS 9.txt
568,infrastructure,2,568-TS 10.txt
569,infrastructure,2,569-TS 11.txt
569,industrial_complex,1,569-TS 11.txt
57,infrastructure,4,57-Westfalen.txt
57,arms_factory,3,57-Westfalen.txt
57,industrial_complex,1,57-Westfalen.txt
57,air_base,3,57-Westfalen.txt
570,infrastructure,2,570-TS 12.txt
570,industrial_complex,2,570-TS 12.txt
570,air_base,1,570-TS 12.txt
571,infrastructure,2,571-TS 13.txt
571,arms_factory,1,571-TS 13.txt
572,infrastructure,3,572-TS 14.txt
572,industrial_complex,1,572-TS 14.txt
573,infrastructure,2,573-Ts 15.txt
574,infrastructure,1,574-Siberia 1.txt
574,air_base,1,574-Siberia 1.txt
575,infrastructure,1,575-Siberia 2.txt
576,infrastructure,1,576-Siberia 3.txt
577,infrastructure,1,577-Siberia 4.txt
578,infrastructure,2,578-Siberia 5.txt
579,infrastructure,1,579-Siberia 6.txt
58,infrastructure,3,58-Schleswig - Holstein.txt
58,arms_factory,1,58-Schleswig - Holstein.txt
58,dockyard,6,58-Schleswig - Holstein.txt
58,air_base,5,58-Schleswig - Holstein.txt
580,infrastructure,1,580-Siberia 7.txt
581,infrastructure,1,581-Northern Urals.txt
582,infrastructure,3,582-Sourthern Urals.txt
583,infrastructure,2,583-Kazakhstan.txt
584,infrastructure,1,584-Turkmenistan.txt
584,industrial_complex,1,584-Turkmenistan.txt
585,infrastructure,2,585-Uzbekistan.txt
586,infrastructure,2,586-Kyrgyzstan.txt
586,industrial_complex,3,586-Kyrgyzstan.txt
587,infrastructure,1,587-Western Kazakstan.txt
588,infrastructure,2,588-Some Mountains.txt
589,infrastructure,2,589-Eastern Kazakhstan.txt
589,industrial_complex,1,589-Eastern Kazakhstan.txt
59,infrastructure,4,59-Ost - Hannover.txt
59,arms_factory,2,59-Ost - Hannover.txt
59,industrial_complex,1,59-Ost - Hannover.txt
59,dockyard,2,59-Ost - Hannover.txt
590,infrastructure,2,590-Northern Kazakhstan.txt
591,infrastructure,1,591-Hainan.txt
591,air_base,1,591-Hainan.txt
592,infrastructure,2,592-Guangzhou.txt
592,arms_factory,2,592-Guangzhou.txt
592,industrial_complex,2,592-Guangzhou.txt
592,air_base,3,592-Guangzhou.txt
593,infrastructure,2,593-Guangdong.txt
593,industrial_complex,1,593-Guangdong.txt
593,air_base,1,593-Guangdong.txt
594,infrastructure,2,594-Nanning.txt
594,industrial_complex,1,594-Nanning.txt
595,infrastructure,2,595-Fujian.txt
595,industrial_complex,1,595-Fujian.txt
596,infrastructure,2,596-Zhejiang.txt
596,air_base,1,596-Zhejiang.txt
597,infrastructure,2,597-Shandong.txt
598,infrastructure,2,598-Jiansu.txt
598,dockyard,1,598-Jiansu.txt
599,infrastructure,2,599-Guanxi.txt
599,industrial_complex,2,599-Guanxi.txt
599,arms_factory,1,599-Guanxi.txt
599,air_base,2,599-Guanxi.txt
6,infrastructure,3,6-Belgium.txt
6,arms_factory,3,6-Belgium.txt
6,industrial_complex,4,6-Belgium.txt
6,air_base,2,6-Belgium.txt
60,infrastructure,3,60-Sud-Hannover.txt
60,industrial_complex,1,60-Sud-Hannover.txt
600,infrastructure,1,600-Jiangxi.txt
600,industrial_complex,1,600-Jiangxi.txt
601,infrastructure,1,601-China 1.txt
602,infrastructure,2,602-China 2.txt
602,industrial_complex,1,602-China 2.txt
602,arms_factory,1,602-China 2.txt
603,infrastructure,1,603-China 3.txt
603,industrial_complex,1,603-China 3.txt
603,arms_factory,2,603-China 3.txt
604,infrastructure,1,604-China 4.txt
604,industrial_complex,2,604-China 4.txt
605,infrastructure,2,605-China 5.txt
605,arms_factory,1,605-China 5.txt
606,infrastructure,2,606-China 6.txt
606,industrial_complex,1,606-China 6.txt
607,infrastructure,2,607-China 7.txt
607,industrial_complex,1,607-China 7.txt
608,infrastructure,3,608-Beijing.txt
608,industrial_complex,2,608-Beijing.txt
608,air_base,3,608-Beijing.txt
609,infrastructure,3,609-China 8.txt
609,arms_factory,1,609-China 8.txt
609,industrial_complex,1,609-China 8.txt
609,synthetic_refinery,1,609-China 8.txt
61,infrastructure,3,61-Mecklenburg.txt
61,arms_factory,3,61-Mecklenburg.txt
61,air_base,3,61-Mecklenburg.txt
610,infrastructure,2,610-China 9.txt
611,infrastructure,2,611-China 10.txt
611,industrial_complex,1,611-China 10.txt
612,infrastructure,1,612-China 11.txt
612,arms_factory,1,612-China 11.txt
613,infrastructure,3,613-China 12.txt
613,air_base,6,613-China 12.txt
613,dockyard,1,613-China 12.txt
613,arms_factory,2,613-China 12.txt
614,infrastructure,2,614-China 13.txt
615,infrastructure,2,615-Shanxi.txt
615,arms_factory,2,615-Shanxi.txt
615,industrial_complex,2,615-Shanxi.txt
616,infrastructure,1,616-China 14.txt
617,infrastructure,2,617-Xinjiang.txt
617,industrial_complex,2,617-Xinjiang.txt
618,infrastructure,2,618-China 15.txt
618,industrial_complex,1,618-China 15.txt
619,infrastructure,2,619-China 16.txt
619,industrial_complex,1,619-China 16.txt
62,infrastructure,3,62-Pommern.txt
62,fuel_silo,1,62-Pommern.txt
620,infrastructure,1,620-China 17.txt
620,arms_factory,1,620-China 17.txt
621,infrastructure,1,621-China 18.txt
621,industrial_complex,1,621-China 18.txt
622,infrastructure,1,622-China 19.txt
622,arms_factory,1,622-China 19.txt
622,industrial_complex,1,622-China 19.txt
623,infrastructure,2,623-Luzon.txt
623,industrial_complex,1,623-Luzon.txt
624,infrastructure,2,624-Central islands.txt
624,industrial_complex,1,624-Central islands.txt
625,infrastructure,2,625-Samar.txt
626,infrastructure,2,626-Palawan.txt
627,infrastructure,2,627-Mindanao.txt
628,infrastructure,2,628-Cebu.txt
629,infrastructure,2,629-Hawaii.txt
629,air_base,5,629-Hawaii.txt
63,infrastructure,3,63-WestPrussen.txt
63,industrial_complex,1,63-WestPrussen.txt
63,air_base,3,63-WestPrussen.txt
630,infrastructure,1,630-Johnston Atoll.txt
631,infrastructure,2,631-Midway Island.txt
632,infrastructure,2,632-Wake Island.txt
633,infrastructure,2,633-Marshall Islands.txt
633,air_base,2,633-Marshall Islands.txt
634,infrastructure,1,634-Solomon Islands.txt
635,infrastructure,2,635-New Caledonia.txt
636,infrastructure,2,636-Fiji.txt
637,infrastructure,1,637-State 1.txt
638,infrastructure,3,638-Guam.txt
639,infrastructure,2,639-Maiana.txt
64,infrastructure,4,64-Brandenburg.txt
64,arms_factory,5,64-Brandenburg.txt
64,industrial_complex,4,64-Brandenburg.txt
64,anti_air_building,2,64-Brandenburg.txt
64,air_base,6,64-Brandenburg.txt
640,infrastructure,1,640-Mandalay.txt
641,infrastructure,2,641-Tahiti.txt
641,air_base,1,641-Tahiti.txt
642,infrastructure,2,642-Phoenix Island.txt
643,infrastructure,2,643-Fongafale.txt
644,infrastructure,1,644-state 3.txt
645,infrastructure,2,645-Iwo Jima.txt
645,air_base,1,645-Iwo Jima.txt
646,infrastructure,2,646-Saipan.txt
646,air_base,3,646-Saipan.txt
647,infrastructure,2,647-Palau.txt
647,air_base,1,647-Palau.txt
648,infrastructure,2,648-Marcus Island.txt
648,air_base,1,648-Marcus Island.txt
649,infrastructure,1,649-Galapagos Islands.txt
65,infrastructure,4,65-Sachsen.txt
65,arms_factory,2,65-Sachsen.txt
65,industrial_complex,7,65-Sachsen.txt
650,infrastructure,1,650-Attu Island.txt
651,infrastructure,3,651-Sov state 5.txt
651,industrial_complex,1,651-Sov state 5.txt
652,infrastructure,2,652-Sov state 6.txt
653,infrastructure,3,653-Sov state 7.txt
653,arms_factory,2,653-Sov state 7.txt
653,industrial_complex,1,653-Sov state 7.txt
653,air_base,1,653-Sov state 7.txt
654,infrastructure,1,654-sov state 8.txt
655,infrastructure,2,655-North Sakhalin.txt
655,air_base,1,655-North Sakhalin.txt
656,infrastructure,2,656-Kuwait.txt
657,infrastructure,2,657-Border state.txt
657,air_base,2,657-Border state.txt
658,infrastructure,1,658-Arab UK 1.txt
659,infrastructure,1,659-Arabian UK 2.txt
659,air_base,1,659-Arabian UK 2.txt
66,infrastructure,3,66-Niederschlesien.txt
66,industrial_complex,1,66-Niederschlesien.txt
66,air_base,6,66-Niederschlesien.txt
660,infrastructure,1,660-Equatorial Africa.txt
661,infrastructure,1,661-Tripolitania.txt
662,infrastructure,1,662-Sirte.txt
663,infrastructure,1,663-Cyrenaica.txt
664,infrastructure,3,664-Southern Slovakia.txt
664,industrial_complex,3,664-Southern Slovakia.txt
665,infrastructure,2,665-Gabes.txt
666,infrastructure,2,666-Norrnorrland.txt
666,industrial_complex,1,666-Norrnorrland.txt
667,infrastructure,2,667-Lesser  Sunda Islands.txt
668,infrastructure,2,668-The Moluccas.txt
669,infrastructure,1,669-Dutch New Guinea.txt
67,infrastructure,3,67-Oberschlesien.txt
670,infrastructure,1,670-Laos.txt
671,infrastructure,2,671-Annam.txt
671,industrial_complex,1,671-Annam.txt
671,air_base,1,671-Annam.txt
672,infrastructure,2,672-Sumatra.txt
672,industrial_complex,1,672-Sumatra.txt
672,air_base,1,672-Sumatra.txt
673,infrastructure,2,673-Sulawesi.txt
673,air_base,4,673-Sulawesi.txt
674,infrastructure,1,674-Central Australia.txt
675,infrastructure,1,675-Al Hajara.txt
676,infrastructure,2,676-Mosul.txt
677,infrastructure,2,677-Aleppo.txt
678,infrastructure,0,678-Rub al Khali.txt
679,infrastructure,2,679-Hejaz.txt
68,infrastructure,3,68-Wartheland.txt
68,industrial_complex,1,68-Wartheland.txt
680,infrastructure,1,680-Deir-az-Zur.txt
681,infrastructure,3,681-Soviet Lakes.txt
681,industrial_complex,2,681-Soviet Lakes.txt
681,air_base,1,681-Soviet Lakes.txt
682,infrastructure,3,682-Northern Ontario.txt
682,industrial_complex,1,682-Northern Ontario.txt
683,infrastructure,1,683-Northeastern Canada.txt
684,infrastructure,2,684-Caroline Islands.txt
684,air_base,3,684-Caroline Islands.txt
685,infrastructure,2,685-Panama Canal.txt
685,air_base,6,685-Panama Canal.txt
686,infrastructure,2,686-Puerto Rico.txt
686,industrial_complex,1,686-Puerto Rico.txt
686,air_base,4,686-Puerto Rico.txt
687,infrastructure,1,687-British Guyana.txt
688,infrastructure,1,688-Chaco Boreal.txt
689,infrastructure,2,689-Jamaica.txt
69,infrastructure,4,69-Sudatenland.txt
69,industrial_complex,2,69-Sudatenland.txt
69,anti_air_building,1,69-Sudatenland.txt
690,infrastructure,2,690-Bahama Islands.txt
691,infrastructure,2,691-Trinidad.txt
692,infrastructure,2,692-Windward Islands.txt
693,infrastructure,2,693-Southern Bahamas.txt
694,infrastructure,2,694-French Caribbean.txt
694,air_base,1,694-French Caribbean.txt
695,fuel_silo,1,695-Curacao.txt
695,infrastructure,2,695-Curacao.txt
696,infrastructure,2,696-Bermuda.txt
697,infrastructure,2,697-Madeira.txt
698,infrastructure,2,698-Azores.txt
698,air_base,1,698-Azores.txt
699,infrastructure,1,699-Rio de Oro.txt
7,infrastructure,3,7-Holland.txt
7,arms_factory,4,7-Holland.txt
7,industrial_complex,3,7-Holland.txt
7,dockyard,3,7-Holland.txt
7,air_base,5,7-Holland.txt
70,infrastructure,3,70-Slovakia.txt
70,industrial_complex,3,70-Slovakia.txt
70,arms_factory,2,70-Slovakia.txt
70,air_base,3,70-Slovakia.txt
700,infrastructure,2,700-Sierra Leone.txt
701,infrastructure,2,701-Gambia.txt
702,infrastructure,2,702-Cape Verde.txt
702,naval_base,1,702-Cape Verde.txt
703,infrastructure,1,703-Ascension.txt
704,infrastructure,1,704-Saint Helena.txt
705,infrastructure,1,705-Sao Tome.txt
705,naval_base,1,705-Sao Tome.txt
706,infrastructure,2,706-Reunion.txt
707,infrastructure,2,707-Mauritius.txt
708,infrastructure,2,708-Comoro Islands.txt
709,infrastructure,2,709-Seychelles.txt
71,infrastructure,2,71-East Slovakia.txt
71,industrial_complex,2,71-East Slovakia.txt
710,infrastructure,2,710-Diego Garcia.txt
711,infrastructure,2,711-Christmas Island.txt
712,infrastructure,2,712-Cocos Islands.txt
713,infrastructure,1,713-Kerguelen.txt
714,infrastructure,2,714-Heilungkiang.txt
715,infrastructure,2,715-Liaoning.txt
715,arms_factory,1,715-Liaoning.txt
715,industrial_complex,1,715-Liaoning.txt
716,infrastructure,2,716-Liaotung.txt
716,arms_factory,2,716-Liaotung.txt
716,industrial_complex,1,716-Liaotung.txt
716,air_base,5,716-Liaotung.txt
717,infrastructure,2,717-Chuho.txt
718,infrastructure,1,718-Stanleyville.txt
719,infrastructure,3,719-Natal.txt
719,industrial_complex,2,719-Natal.txt
719,air_base,1,719-Natal.txt
72,infrastructure,3,72-Zaolzie.txt
72,industrial_complex,1,72-Zaolzie.txt
720,infrastructure,1,720-South Georgia.txt
721,infrastructure,2,721-Portuguese Timor.txt
722,infrastructure,1,722-Petsamo.txt
723,infrastructure,3,723-Southern Island.txt
723,air_base,1,723-Southern Island.txt
724,infrastructure,2,724-Khorat.txt
725,infrastructure,2,725-Nauru.txt
726,infrastructure,2,726-Samoa.txt
727,infrastructure,1,727-Line Islands.txt
728,infrastructure,2,728-Guangzhouwan.txt
729,infrastructure,2,729-Macau.txt
73,infrastructure,3,73-Carpathian Ruthenia.txt
730,infrastructure,2,730-St Pierre and Miquelon .txt
731,infrastructure,2,731-Central Macedonia.txt
731,industrial_complex,3,731-Central Macedonia.txt
731,air_base,2,731-Central Macedonia.txt
732,infrastructure,1,732-Pamir.txt
733,infrastructure,2,733-Andaman.txt
734,infrastructure,2,734-Nendo.txt
735,infrastructure,2,735-Savoy.txt
736,infrastructure,1,736-Litorale.txt
736,dockyard,1,736-Litorale.txt
736,arms_factory,1,736-Litorale.txt
737,infrastructure,1,737-New Britain.txt
737,air_base,1,737-New Britain.txt
738,infrastructure,1,738-Aru Islands.txt
739,infrastructure,1,739-Haida Gwaii.txt
74,infrastructure,4,74-East Sudatenland.txt
74,arms_factory,1,74-East Sudatenland.txt
740,infrastructure,1,740-Vancouver Island.txt
741,infrastructure,1,741-Cambodia.txt
742,infrastructure,1,742-Stalinabad.txt
743,infrastructure,3,743-Qingdao.txt
743,industrial_complex,1,743-Qingdao.txt
743,air_base,1,743-Qingdao.txt
744,infrastructure,2,744-Xian.txt
745,infrastructure,3,745-Dalian.txt
745,air_base,1,745-Dalian.txt
745,industrial_complex,1,745-Dalian.txt
745,fuel_silo,1,745-Dalian.txt
746,infrastructure,1,746-Ordos.txt
747,infrastructure,2,747-Dali Bai.txt
748,infrastructure,1,748-Zunyi.txt
749,infrastructure,2,749-Huangshan.txt
75,infrastructure,4,75-Moravia.txt
75,industrial_complex,4,75-Moravia.txt
75,air_base,5,75-Moravia.txt
750,infrastructure,2,750-Changde.txt
750,industrial_complex,1,750-Changde.txt
750,arms_factory,1,750-Changde.txt
750,air_base,2,750-Changde.txt
751,infrastructure,1,751-Liangshan.txt
752,infrastructure,1,752-Chamdo.txt
753,infrastructure,2,753-Gannan.txt
754,infrastructure,1,754-Golog.txt
754,industrial_complex,1,754-Golog.txt
754,arms_factory,1,754-Golog.txt
755,infrastructure,1,755-Haixi.txt
755,industrial_complex,1,755-Haixi.txt
756,infrastructure,1,756-Jiuquan.txt
757,infrastructure,1,757-Shigatse.txt
757,industrial_complex,1,757-Shigatse.txt
757,arms_factory,1,757-Shigatse.txt
758,infrastructure,1,758-Ngari.txt
759,infrastructure,1,759-Kunlun.txt
76,infrastructure,2,76-Northern Transylvania.txt
76,industrial_complex,1,76-Northern Transylvania.txt
760,infrastructure,2,760-Dabancheng.txt
760,arms_factory,1,760-Dabancheng.txt
761,infrastructure,2,761-Hulunbuir.txt
762,infrastructure,3,762-Katowice.txt
762,industrial_complex,1,762-Katowice.txt
763,infrastructure,3,763-Konigsberg.txt
763,industrial_complex,2,763-Konigsberg.txt
763,anti_air_building,2,763-Konigsberg.txt
763,air_base,6,763-Konigsberg.txt
764,infrastructure,3,764-West Banat.txt
765,infrastructure,1,765-Qatar.txt
766,infrastructure,2,766-Southern Bessarabia.txt
766,dockyard,1,766-Southern Bessarabia.txt
767,infrastructure,0,767-North Darfur.txt
768,infrastructure,1,768-Rwanda.txt
769,infrastructure,1,769-Burundi.txt
77,infrastructure,3,77-Dobrogea.txt
77,industrial_complex,2,77-Dobrogea.txt
770,infrastructure,2,770-Malawi.txt
771,infrastructure,2,771-Zambia.txt
772,infrastructure,2,772-Middle Congo.txt
773,infrastructure,2,773-Cameroon.txt
773,industrial_complex,1,773-Cameroon.txt
773,air_base,1,773-Cameroon.txt
774,infrastructure,1,774-Chad.txt
775,infrastructure,0,775-B.E.T..txt
776,infrastructure,2,776-Dahomey.txt
777,infrastructure,2,777-Togo.txt
778,infrastructure,2,778-Upper Volta.txt
779,infrastructure,2,779-Ivory Coast.txt
78,infrastructure,2,78-Bessarabia.txt
78,air_base,2,78-Bessarabia.txt
780,infrastructure,2,780-Guinea.txt
781,infrastructure,2,781-Niger.txt
782,infrastructure,0,782-Tombouctou.txt
783,infrastructure,1,783-Sidi Ifni.txt
784,infrastructure,3,784-Ermland-Masuren.txt
784,industrial_complex,1,784-Ermland-Masuren.txt
784,air_base,5,784-Ermland-Masuren.txt
785,infrastructure,4,785-Picardy.txt
785,industrial_complex,1,785-Picardy.txt
786,infrastructure,0,786-Mauritanian Desert.txt
787,infrastructure,1,787-North Kashmir.txt
788,infrastructure,3,788-Salamanca.txt
789,infrastructure,3,789-Cordoba.txt
789,industrial_complex,1,789-Cordoba.txt
79,infrastructure,3,79-moldovia.txt
79,industrial_complex,1,79-moldovia.txt
79,air_base,2,79-moldovia.txt
790,infrastructure,3,790-Asturias.txt
790,industrial_complex,1,790-Asturias.txt
790,arms_factory,1,790-Asturias.txt
791,infrastructure,3,791-Valladolid.txt
791,industrial_complex,1,791-Valladolid.txt
792,infrastructure,3,792-Basque Country.txt
792,industrial_complex,1,792-Basque Country.txt
792,arms_factory,1,792-Basque Country.txt
792,air_base,1,792-Basque Country.txt
793,infrastructure,3,793-Guadalajara.txt
793,industrial_complex,1,793-Guadalajara.txt
794,infrastructure,3,794-Eastern Aragon.txt
795,infrastructure,3,795-Santarem.txt
795,industrial_complex,2,795-Santarem.txt
796,infrastructure,1,796-North Angola.txt
797,infrastructure,3,797-Istanbul.txt
797,industrial_complex,2,797-Istanbul.txt
797,arms_factory,2,797-Istanbul.txt
797,dockyard,1,797-Istanbul.txt
797,air_base,4,797-Istanbul.txt
798,infrastructure,2,798-Amasya.txt
799,infrastructure,1,799-Hatay.txt
8,infrastructure,3,8-Luxemburg.txt
8,arms_factory,1,8-Luxemburg.txt
8,industrial_complex,3,8-Luxemburg.txt
80,infrastructure,3,80-Bocovina.txt
80,arms_factory,1,80-Bocovina.txt
800,infrastructure,1,800-Van.txt
801,infrastructure,2,801-Moesia.txt
801,industrial_complex,1,801-Moesia.txt
802,infrastructure,1,802-Kosovo.txt
803,infrastructure,2,803-Southern Serbia.txt
804,infrastructure,2,804-Herzegovina.txt
805,infrastructure,1,805-Northern Epirus.txt
806,infrastructure,3,806-French Basque Country.txt
807,infrastructure,3,807-Gdynia.txt
807,arms_factory,2,807-Gdynia.txt
807,industrial_complex,1,807-Gdynia.txt
807,air_base,2,807-Gdynia.txt
808,infrastructure,3,808-Riga.txt
808,arms_factory,1,808-Riga.txt
808,industrial_complex,4,808-Riga.txt
808,air_base,3,808-Riga.txt
809,infrastructure,2,809-Latgale.txt
809,industrial_complex,1,809-Latgale.txt
809,arms_factory,1,809-Latgale.txt
81,infrastructure,3,81-Oltenia.txt
81,industrial_complex,2,81-Oltenia.txt
810,infrastructure,2,810-Zemgale.txt
810,arms_factory,1,810-Zemgale.txt
810,industrial_complex,1,810-Zemgale.txt
810,air_base,3,810-Zemgale.txt
811,infrastructure,1,811-Saaremaa.txt
812,infrastructure,3,812-Tallinn.txt
812,arms_factory,1,812-Tallinn.txt
812,industrial_complex,3,812-Tallinn.txt
813,infrastructure,3,813-Rakvere.txt
814,infrastructure,2,814-Suduva.txt
814,arms_factory,1,814-Suduva.txt
814,industrial_complex,1,814-Suduva.txt
814,air_base,4,814-Suduva.txt
815,infrastructure,2,815-Aukstaitija.txt
816,industrial_complex,2,816-West Virginia.txt
816,infrastructure,3,816-West Virginia.txt
816,air_base,3,816-West Virginia.txt
817,infrastructure,1,817-Gobi.txt
818,infrastructure,1,818-Khovd.txt
819,infrastructure,1,819-Dornod.txt
82,infrastructure,3,82-Banat.txt
82,industrial_complex,2,82-Banat.txt
820,infrastructure,1,820-Khovsgol.txt
821,infrastructure,2,821 - Chenchnya-Ingushetia.txt
822,infrastructure,1,822 - Chukotka.txt
823,infrastructure,2,823 - Karakalpakstan.txt
824,infrastructure,1,824 - Yamalia.txt
825,infrastructure,1,825 - Nenetsia.txt
826,infrastructure,2,826 - Abkhazia.txt
826,industrial_complex,1,826 - Abkhazia.txt
827,infrastructure,2,827 - Kabardino-Balkaria.txt
828,infrastructure,2,828 - North Ossetia.txt
829,infrastructure,3,829 - Volga Germany.txt
83,infrastructure,3,83-crisana.txt
83,arms_factory,1,83-crisana.txt
83,industrial_complex,1,83-crisana.txt
830,infrastructure,2,830 - Bukhara.txt
830,industrial_complex,1,830 - Bukhara.txt
830,air_base,1,830 - Bukhara.txt
831,infrastructure,2,831 - Khiva.txt
832,infrastructure,1,832 - Dashhowuz.txt
832,industrial_complex,1,832 - Dashhowuz.txt
833,infrastructure,2,833 - Mari El.txt
834,infrastructure,2,834 - Balta.txt
835,industrial_complex,1,835-Haraghe.txt
835,air_base,1,835-Haraghe.txt
836,infrastructure,1,836-Bale.txt
837,infrastructure,1,837-Sidamo.txt
838,infrastructure,1,838-Illubabor.txt
839,infrastructure,1,839-Welega.txt
84,infrastructure,2,84-Transylvania.txt
84,arms_factory,1,84-Transylvania.txt
84,industrial_complex,1,84-Transylvania.txt
840,infrastructure,1,840-Gojjam.txt
841,infrastructure,1,841-Begemder.txt
844,infrastructure,2,844-jubaland.txt
845,infrastructure,3,845-Jura Mountains.txt
845,arms_factory,1,845-Jura Mountains.txt
845,industrial_complex,2,845-Jura Mountains.txt
846,infrastructure,2,846-Ticino.txt
846,industrial_complex,1,846-Ticino.txt
847,infrastructure,1,847-Western Swiss Alps.txt
847,industrial_complex,1,847-Western Swiss Alps.txt
848,infrastructure,2,848-Voralberg.txt
848,industrial_complex,1,848-Voralberg.txt
849,infrastructure,2,849-Puglia.txt
849,industrial_complex,1,849-Puglia.txt
849,dockyard,4,849-Puglia.txt
849,air_base,5,849-Puglia.txt
85,infrastructure,3,85-Danzig.txt
85,arms_factory,2,85-Danzig.txt
85,industrial_complex,1,85-Danzig.txt
85,dockyard,3,85-Danzig.txt
850,infrastructure,2,850-Trentino.txt
851,infrastructure,3,851-Var.txt
851,dockyard,3,851-Var.txt
852,infrastructure,3,852-Istria.txt
852,dockyard,1,852-Istria.txt
853,infrastructure,3,853-Ljubljana.txt
856,infrastructure,1,856-Asir-Makkah.txt
856,arms_factory,1,856-Asir-Makkah.txt
859,infrastructure,1,859-Dammam.txt
86,infrastructure,3,86-Poznan.txt
86,industrial_complex,1,86-Poznan.txt
86,air_base,3,86-Poznan.txt
860,infrastructure,1,860-Cote-Nord.txt
861,infrastructure,1,861-Saguenay.txt
862,infrastructure,1,862-ouest du quebec.txt
863,infrastructure,2,863-Maurice.txt
865,infrastructure,1,865-Northern Saskatchewan.txt
866,infrastructure,1,866-Districts of Ontario.txt
867,infrastructure,1,867-Northern Manitoba.txt
868,infrastructure,1,868-Isan.txt
869,infrastructure,1,869-Lanna.txt
87,infrastructure,3,87-Lodz.txt
87,industrial_complex,2,87-Lodz.txt
870,infrastructure,1,870-North West Australia.txt
871,infrastructure,1,871-South West Australia.txt
872,infrastructure,1,872-North Queensland.txt
873,infrastructure,1,873-South West Queensland.txt
874,infrastructure,1,874-Magadan.txt
875,infrastructure,1,875-Chukchi Peninsulay.txt
875,naval_base,1,875-Chukchi Peninsulay.txt
876,infrastructure,1,876-Udachny.txt
877,infrastructure,1,877-Verkhoyansk.txt
878,infrastructure,1,878-Khatangsky.txt
879,infrastructure,1,879-Kargopol.txt
88,infrastructure,3,88-Kielce.txt
88,arms_factory,1,88-Kielce.txt
88,industrial_complex,3,88-Kielce.txt
88,air_base,4,88-Kielce.txt
880,infrastructure,1,880-Kotlas.txt
881,infrastructure,1,881-Karagandy.txt
882,infrastructure,2,882-Pavlodar.txt
883,infrastructure,1,883-Kassala.txt
884,infrastructure,2,884-Upper Nile.txt
885,infrastructure,1,885-Bahr al Ghazal.txt
886,infrastructure,1,886-Blue Nile.txt
887,infrastructure,1,887-South Darfur.txt
888,infrastructure,1,888-Lusambo.txt
889,infrastructure,1,889-Elisabethville.txt
89,infrastructure,3,89-Krakow.txt
89,air_base,3,89-Krakow.txt
890,infrastructure,1,890-Costermansville.txt
891,infrastructure,1,891-Zambesi.txt
892,infrastructure,1,892-South West Angola.txt
893,infrastructure,2,893-Karas.txt
894,infrastructure,2,894-Kuneme.txt
895,infrastructure,2,895-Kavango.txt
896,infrastructure,2,896-Manica e Sofala.txt
897,infrastructure,2,897-Zambezia-Mocambique.txt
898,infrastructure,2,898-Gao.txt
899,infrastructure,2,899-Kayes-Koulikoro.txt
9,infrastructure,4,9-Czechoslovakia.txt
9,arms_factory,6,9-Czechoslovakia.txt
9,industrial_complex,1,9-Czechoslovakia.txt
9,anti_air_building,5,9-Czechoslovakia.txt
9,air_base,5,9-Czechoslovakia.txt
90,infrastructure,3,90-Lwow.txt
900,infrastructure,2,900-Benue.txt
901,infrastructure,1,901-Borno.txt
902,infrastructure,1,902-Sokoto.txt
903,infrastructure,1,903-Garissa.txt
904,infrastructure,1,904-Nyanza-Rift Valley.txt
905,infrastructure,2,905-Mombasa.txt
906,infrastructure,1,906-Socotra.txt
907,infrastructure,3,907-Cairo.txt
907,industrial_complex,1,907-Cairo.txt
907,air_base,5,907-Cairo.txt
908,infrastructure,1,908-Afar.txt
908,arms_factory,1,908-Afar.txt
909,infrastructure,3,909-South Schleswig.txt
909,arms_factory,1,909-South Schleswig.txt
91,infrastructure,3,91-Tarnopol.txt
91,industrial_complex,3,91-Tarnopol.txt
91,air_base,5,91-Tarnopol.txt
910,infrastructure,2,910-Bornholm.txt
910,industrial_complex,1,910-Bornholm.txt
911,infrastructure,3,911-Fyn.txt
911,industrial_complex,1,911-Fyn.txt
911,dockyard,1,911-Fyn.txt
912,infrastructure,3,912-Sonderjylland.txt
912,industrial_complex,2,912-Sonderjylland.txt
913,infrastructure,3,913-Ostergotland.txt
913,industrial_complex,1,913-Ostergotland.txt
913,air_base,2,913-Ostergotland.txt
915,infrastructure,3,915-Bohuslan.txt
916,infrastructure,3,916-Dalarna.txt
917,infrastructure,2,917-Jamtland.txt
918,infrastructure,2,918-Vasterbotten.txt
918,industrial_complex,1,918-Vasterbotten.txt
919,infrastructure,2,919-Varmland.txt
92,infrastructure,3,92-Lublin.txt
92,industrial_complex,2,92-Lublin.txt
92,air_base,1,92-Lublin.txt
920,infrastructure,2,920-Opplandene.txt
921,industrial_complex,1,921-Telemark.txt
921,infrastructure,3,921-Telemark.txt
922,infrastructure,3,922-Agder.txt
922,industrial_complex,1,922-Agder.txt
922,arms_factory,1,922-Agder.txt
922,dockyard,1,922-Agder.txt
923,infrastructure,2,923-Helgeland.txt
924,infrastructure,1,924-Troms.txt
924,air_base,1,924-Troms.txt
925,infrastructure,1,925-Finnmark.txt
926,infrastructure,2,926-Turku.txt
926,arms_factory,1,926-Turku.txt
926,industrial_complex,1,926-Turku.txt
926,dockyard,1,926-Turku.txt
926,air_base,2,926-Turku.txt
927,infrastructure,1,927-Hame.txt
928,infrastructure,1,928-Kyme.txt
929,infrastructure,1,929-Oulu.txt
93,infrastructure,3,93-Volhynian.txt
930,infrastructure,1,930-Mikkeli.txt
931,infrastructure,3,931-Cumbria.txt
932,infrastructure,3,932-Isle of Man.txt
933,infrastructure,1,933-Shetland.txt
934,infrastructure,2,934-Shkoder.txt
934,industrial_complex,1,934-Shkoder.txt
935,infrastructure,2,935 - Ceara.txt
935,industrial_complex,1,935 - Ceara.txt
936,infrastructure,3,936 - Pernambuco.txt
936,industrial_complex,1,936 - Pernambuco.txt
937,infrastructure,2,937 - Piaui.txt
937,industrial_complex,1,937 - Piaui.txt
938,infrastructure,1,938 - Para.txt
939,infrastructure,1,939 - Amapa.txt
94,infrastructure,2,94-Polesie.txt
940,infrastructure,1,940 - Acre.txt
941,infrastructure,0,941 - Tocantins.txt
942,infrastructure,1,942 - Rondonia.txt
943,infrastructure,2,943 - Espirito Santo.txt
943,industrial_complex,2,943 - Espirito Santo.txt
944,infrastructure,2,944 - Parana.txt
944,air_base,1,944 - Parana.txt
945,infrastructure,2,945 - Cerro Largo.txt
945,industrial_complex,2,945 - Cerro Largo.txt
945,dockyard,1,945 - Cerro Largo.txt
946,infrastructure,1,946 - Paysandu.txt
946,arms_factory,1,946 - Paysandu.txt
947,infrastructure,2,947 - Tacna.txt
947,industrial_complex,1,947 - Tacna.txt
948,infrastructure,1,948 - Easter Island.txt
949,infrastructure,1,949 - Aysen.txt
949,dockyard,1,949 - Aysen.txt
95,infrastructure,3,95-Nowogrodek.txt
95,air_base,3,95-Nowogrodek.txt
950,infrastructure,2,950 - Araucania.txt
950,industrial_complex,2,950 - Araucania.txt
951,infrastructure,1,951 - Arica.txt
951,arms_factory,1,951 - Arica.txt
951,air_base,1,951 - Arica.txt
952,infrastructure,2,952 - Atacama.txt
952,industrial_complex,1,952 - Atacama.txt
952,dockyard,1,952 - Atacama.txt
953,infrastructure,0,953 - Tierra del Fuego.txt
954,infrastructure,1,954 - Santa Cruz.txt
955,infrastructure,1,955 - Chubut.txt
956,infrastructure,2,956 - Santa Fe.txt
956,industrial_complex,1,956 - Santa Fe.txt
956,air_base,1,956 - Santa Fe.txt
956,arms_factory,1,956 - Santa Fe.txt
957,infrastructure,1,957 - Formosa.txt
958,infrastructure,2,958 - San Luis.txt
959,infrastructure,1,959 - Los Andes.txt
959,industrial_complex,1,959 - Los Andes.txt
96,infrastructure,2,96-Wilejka.txt
960,infrastructure,1,960 - San Juan.txt
97,infrastructure,3,97-Bialystok.txt
97,industrial_complex,1,97-Bialystok.txt
97,air_base,3,97-Bialystok.txt
970,infrastructure,1,970 - Western Macedonia.txt
970,industrial_complex,1,970 - Western Macedonia.txt
971,infrastructure,2,971 - Northern Dobruja.txt
971,arms_factory,1,971 - Northern Dobruja.txt
971,dockyard,1,971 - Northern Dobruja.txt
972,infrastructure,3,972 - South Sudetenland.txt
972,anti_air_building,1,972 - South Sudetenland.txt
973,infrastructure,2,973 - Bacs.txt
973,industrial_complex,1,973 - Bacs.txt
973,arms_factory,1,973 - Bacs.txt
974,infrastructure,2,974 - South Transdanubia.txt
974,industrial_complex,1,974 - South Transdanubia.txt
974,air_base,2,974 - South Transdanubia.txt
975,infrastructure,1,975 - Burgenland.txt
975,industrial_complex,1,975 - Burgenland.txt
976,infrastructure,3,976 - Steiermark Karnten.txt
976,industrial_complex,2,976 - Steiermark Karnten.txt
977,infrastructure,3,977 - Antwerp.txt
977,arms_factory,2,977 - Antwerp.txt
977,industrial_complex,3,977 - Antwerp.txt
977,air_base,1,977 - Antwerp.txt
978,infrastructure,3,978 - Actual Baden.txt
978,arms_factory,2,978 - Actual Baden.txt
978,air_base,1,978 - Actual Baden.txt
979,infrastructure,1,979 - Kaiser Wilhelms Land.txt
979,air_base,1,979 - Kaiser Wilhelms Land.txt
98,infrastructure,3,98-Mazurskie.txt
980,infrastructure,1,980 - Ardennes.txt
981,infrastructure,1,981 - Barotseland.txt
982,infrastructure,1,982 - Madras States.txt
983,infrastructure,1,983 - Deccan States.txt
984,infrastructure,1,984 - Bastar.txt
985,infrastructure,1,985 - Sikkim.txt
986,infrastructure,1,986 - East Punjab.txt
988,infrastructure,1,988-Baluchistan.txt
989,infrastructure,1,989-Bahawalpur.txt
99,infrastructure,3,99-Jutland.txt
99,industrial_complex,1,99-Jutland.txt
99,dockyard,1,99-Jutland.txt
99,air_base,2,99-Jutland.txt
990,infrastructure,1,990-Manipur.txt
991,infrastructure,1,991-Gwalior.txt
992,infrastructure,2,992-Province of Aden.txt
992,air_base,1,992-Province of Aden.txt
993,infrastructure,0,993-Kentung and Yawnghwe.txt
994,infrastructure,1,994-Tenasserim.txt
994,industrial_complex,1,994-Tenasserim.txt
995,infrastructure,2,995-Pegu.txt
995,industrial_complex,1,995-Pegu.txt
995,arms_factory,1,995-Pegu.txt
996,infrastructure,2,996-Irrawaddy.txt
996,industrial_complex,1,996-Irrawaddy.txt
997,infrastructure,1,997-Arakan.txt
997,air_base,1,997-Arakan.txt
998,infrastructure,1,998-Sagaing.txt
999,infrastructure,1,999-Federated Shan States.txt
