technology_key,category_key
early_ship_hull_light,naval_equipment
early_ship_hull_light,dd_tech
early_ship_hull_light,mio_cat_tech_all_screen_ship_and_modules
early_ship_hull_light,mio_cat_tech_all_destroyer_and_modules
basic_ship_hull_light,naval_equipment
basic_ship_hull_light,dd_tech
basic_ship_hull_light,mio_cat_tech_all_screen_ship_and_modules
basic_ship_hull_light,mio_cat_tech_all_destroyer_and_modules
improved_ship_hull_light,naval_equipment
improved_ship_hull_light,dd_tech
improved_ship_hull_light,mio_cat_tech_all_screen_ship_and_modules
improved_ship_hull_light,mio_cat_tech_all_destroyer_and_modules
advanced_ship_hull_light,naval_equipment
advanced_ship_hull_light,dd_tech
advanced_ship_hull_light,mio_cat_tech_all_screen_ship_and_modules
advanced_ship_hull_light,mio_cat_tech_all_destroyer_and_modules
smoke_generator,naval_equipment
smoke_generator,dd_tech
smoke_generator,ship_modules_tech
smoke_generator,mio_cat_tech_all_screen_ship_and_modules
smoke_generator,mio_cat_tech_all_destroyer_and_modules
basic_depth_charges,naval_equipment
basic_depth_charges,dd_tech
basic_depth_charges,asw_tech
basic_depth_charges,ship_modules_tech
basic_depth_charges,mio_cat_tech_all_screen_ship_and_modules
basic_depth_charges,mio_cat_tech_all_destroyer_and_modules
improved_depth_charges,naval_equipment
improved_depth_charges,dd_tech
improved_depth_charges,asw_tech
improved_depth_charges,ship_modules_tech
improved_depth_charges,mio_cat_tech_all_screen_ship_and_modules
improved_depth_charges,mio_cat_tech_all_destroyer_and_modules
advanced_depth_charges,naval_equipment
advanced_depth_charges,dd_tech
advanced_depth_charges,asw_tech
advanced_depth_charges,ship_modules_tech
advanced_depth_charges,mio_cat_tech_all_screen_ship_and_modules
advanced_depth_charges,mio_cat_tech_all_destroyer_and_modules
modern_depth_charges,naval_equipment
modern_depth_charges,dd_tech
modern_depth_charges,asw_tech
modern_depth_charges,ship_modules_tech
modern_depth_charges,mio_cat_tech_all_screen_ship_and_modules
modern_depth_charges,mio_cat_tech_all_destroyer_and_modules
sonar,naval_equipment
sonar,dd_tech
sonar,asw_tech
sonar,ship_modules_tech
sonar,mio_cat_tech_all_screen_ship_and_modules
sonar,mio_cat_tech_all_destroyer_and_modules
improved_sonar,naval_equipment
improved_sonar,dd_tech
improved_sonar,asw_tech
improved_sonar,ship_modules_tech
improved_sonar,mio_cat_tech_all_screen_ship_and_modules
improved_sonar,mio_cat_tech_all_destroyer_and_modules
advanced_sonar,naval_equipment
advanced_sonar,dd_tech
advanced_sonar,asw_tech
advanced_sonar,ship_modules_tech
advanced_sonar,mio_cat_tech_all_screen_ship_and_modules
advanced_sonar,mio_cat_tech_all_destroyer_and_modules
modern_sonar,naval_equipment
modern_sonar,dd_tech
modern_sonar,asw_tech
modern_sonar,ship_modules_tech
modern_sonar,mio_cat_tech_all_screen_ship_and_modules
modern_sonar,mio_cat_tech_all_destroyer_and_modules
early_ship_hull_cruiser,naval_equipment
early_ship_hull_cruiser,ca_tech
early_ship_hull_cruiser,mio_cat_tech_all_capital_ship_and_modules
early_ship_hull_cruiser,mio_cat_tech_all_screen_ship_and_modules
early_ship_hull_cruiser,mio_cat_tech_all_cruiser_and_modules
basic_ship_hull_cruiser,naval_equipment
basic_ship_hull_cruiser,ca_tech
basic_ship_hull_cruiser,mio_cat_tech_all_capital_ship_and_modules
basic_ship_hull_cruiser,mio_cat_tech_all_screen_ship_and_modules
basic_ship_hull_cruiser,mio_cat_tech_all_cruiser_and_modules
improved_ship_hull_cruiser,naval_equipment
improved_ship_hull_cruiser,ca_tech
improved_ship_hull_cruiser,mio_cat_tech_all_capital_ship_and_modules
improved_ship_hull_cruiser,mio_cat_tech_all_screen_ship_and_modules
improved_ship_hull_cruiser,mio_cat_tech_all_cruiser_and_modules
advanced_ship_hull_cruiser,naval_equipment
advanced_ship_hull_cruiser,ca_tech
advanced_ship_hull_cruiser,mio_cat_tech_all_capital_ship_and_modules
advanced_ship_hull_cruiser,mio_cat_tech_all_screen_ship_and_modules
advanced_ship_hull_cruiser,mio_cat_tech_all_cruiser_and_modules
basic_cruiser_armor_scheme,naval_armor
basic_cruiser_armor_scheme,naval_equipment
basic_cruiser_armor_scheme,ca_tech
basic_cruiser_armor_scheme,ship_modules_tech
basic_cruiser_armor_scheme,mio_cat_tech_all_capital_ship_and_modules
basic_cruiser_armor_scheme,mio_cat_tech_all_cruiser_and_modules
basic_cruiser_armor_scheme,mio_cat_tech_all_carrier_and_modules
early_ship_hull_heavy,naval_equipment
early_ship_hull_heavy,bb_tech
early_ship_hull_heavy,bc_tech
early_ship_hull_heavy,mio_cat_tech_all_capital_ship_and_modules
basic_ship_hull_heavy,naval_equipment
basic_ship_hull_heavy,bb_tech
basic_ship_hull_heavy,bc_tech
basic_ship_hull_heavy,mio_cat_tech_all_capital_ship_and_modules
ship_hull_super_heavy,naval_equipment
ship_hull_super_heavy,bb_tech
ship_hull_super_heavy,bc_tech
ship_hull_super_heavy,mio_cat_tech_all_capital_ship_and_modules
improved_ship_hull_heavy,naval_equipment
improved_ship_hull_heavy,bb_tech
improved_ship_hull_heavy,bc_tech
improved_ship_hull_heavy,mio_cat_tech_all_capital_ship_and_modules
advanced_ship_hull_heavy,naval_equipment
advanced_ship_hull_heavy,bb_tech
advanced_ship_hull_heavy,bc_tech
advanced_ship_hull_heavy,mio_cat_tech_all_capital_ship_and_modules
basic_heavy_armor_scheme,naval_armor
basic_heavy_armor_scheme,naval_equipment
basic_heavy_armor_scheme,bb_tech
basic_heavy_armor_scheme,bc_tech
basic_heavy_armor_scheme,ship_modules_tech
basic_heavy_armor_scheme,mio_cat_tech_all_capital_ship_and_modules
improved_heavy_armor_scheme,naval_armor
improved_heavy_armor_scheme,naval_equipment
improved_heavy_armor_scheme,bb_tech
improved_heavy_armor_scheme,bc_tech
improved_heavy_armor_scheme,ship_modules_tech
improved_heavy_armor_scheme,mio_cat_tech_all_capital_ship_and_modules
early_ship_hull_carrier,naval_equipment
early_ship_hull_carrier,cv_tech
early_ship_hull_carrier,mio_cat_tech_all_carrier_and_modules
basic_ship_hull_carrier,naval_equipment
basic_ship_hull_carrier,cv_tech
basic_ship_hull_carrier,mio_cat_tech_all_carrier_and_modules
improved_ship_hull_carrier,naval_equipment
improved_ship_hull_carrier,cv_tech
improved_ship_hull_carrier,mio_cat_tech_all_carrier_and_modules
advanced_ship_hull_carrier,naval_equipment
advanced_ship_hull_carrier,cv_tech
advanced_ship_hull_carrier,mio_cat_tech_all_carrier_and_modules
early_ship_hull_submarine,naval_equipment
early_ship_hull_submarine,ss_tech
early_ship_hull_submarine,mio_cat_tech_all_submarine_and_modules
basic_ship_hull_submarine,naval_equipment
basic_ship_hull_submarine,ss_tech
basic_ship_hull_submarine,mio_cat_tech_all_submarine_and_modules
improved_ship_hull_submarine,naval_equipment
improved_ship_hull_submarine,ss_tech
improved_ship_hull_submarine,mio_cat_tech_all_submarine_and_modules
advanced_ship_hull_submarine,naval_equipment
advanced_ship_hull_submarine,ss_tech
advanced_ship_hull_submarine,mio_cat_tech_all_submarine_and_modules
basic_submarine_snorkel,naval_equipment
basic_submarine_snorkel,ss_tech
basic_submarine_snorkel,ship_modules_tech
basic_submarine_snorkel,mio_cat_tech_all_submarine_and_modules
improved_submarine_snorkel,naval_equipment
improved_submarine_snorkel,ss_tech
improved_submarine_snorkel,ship_modules_tech
improved_submarine_snorkel,mio_cat_tech_all_submarine_and_modules
sp_aip_engine_improved_tech,naval_equipment
sp_aip_engine_improved_tech,ss_tech
sp_aip_engine_improved_tech,ship_modules_tech
sp_aip_engine_improved_tech,mio_cat_tech_all_submarine_and_modules
sp_aip_engine_advanced_tech,naval_equipment
sp_aip_engine_advanced_tech,ss_tech
sp_aip_engine_advanced_tech,ship_modules_tech
sp_aip_engine_advanced_tech,mio_cat_tech_all_submarine_and_modules
sp_refined_pykrete,naval_equipment
sp_refined_pykrete,cv_tech
sp_refined_pykrete,mio_cat_tech_all_carrier_and_modules
sp_refined_pykrete,pykrete_tech
sp_ice_composite_runawayas,naval_equipment
sp_ice_composite_runawayas,cv_tech
sp_ice_composite_runawayas,mio_cat_tech_all_carrier_and_modules
sp_ice_composite_runawayas,pykrete_tech
basic_battery,naval_artillery
basic_battery,naval_equipment
basic_battery,ship_modules_tech
basic_battery,cat_ship_light_battery
basic_battery,cat_ship_medium_battery
basic_battery,cat_ship_heavy_battery
basic_battery,mio_cat_tech_all_capital_ship_and_modules
basic_battery,mio_cat_tech_all_screen_ship_and_modules
basic_battery,mio_cat_tech_all_carrier_and_modules
basic_battery,mio_cat_tech_all_cruiser_and_modules
basic_battery,mio_cat_tech_all_destroyer_and_modules
basic_light_battery,naval_artillery
basic_light_battery,naval_equipment
basic_light_battery,ship_modules_tech
basic_light_battery,cat_ship_light_battery
basic_light_battery,mio_cat_tech_all_screen_ship_and_modules
basic_light_battery,mio_cat_tech_all_cruiser_and_modules
basic_light_battery,mio_cat_tech_all_destroyer_and_modules
basic_light_shell,naval_artillery
basic_light_shell,naval_equipment
basic_light_shell,ship_modules_tech
basic_light_shell,mio_cat_tech_all_screen_ship_and_modules
basic_light_shell,mio_cat_tech_all_cruiser_and_modules
basic_light_shell,mio_cat_tech_all_destroyer_and_modules
improved_light_battery,naval_artillery
improved_light_battery,naval_equipment
improved_light_battery,ship_modules_tech
improved_light_battery,cat_ship_light_battery
improved_light_battery,mio_cat_tech_all_screen_ship_and_modules
improved_light_battery,mio_cat_tech_all_cruiser_and_modules
improved_light_battery,mio_cat_tech_all_destroyer_and_modules
improved_light_shell,naval_artillery
improved_light_shell,naval_equipment
improved_light_shell,ship_modules_tech
improved_light_shell,mio_cat_tech_all_screen_ship_and_modules
improved_light_shell,mio_cat_tech_all_cruiser_and_modules
improved_light_shell,mio_cat_tech_all_destroyer_and_modules
advanced_light_battery,naval_artillery
advanced_light_battery,naval_equipment
advanced_light_battery,ship_modules_tech
advanced_light_battery,cat_ship_light_battery
advanced_light_battery,mio_cat_tech_all_screen_ship_and_modules
advanced_light_battery,mio_cat_tech_all_cruiser_and_modules
advanced_light_battery,mio_cat_tech_all_destroyer_and_modules
basic_heavy_battery,naval_artillery
basic_heavy_battery,naval_equipment
basic_heavy_battery,ship_modules_tech
basic_heavy_battery,cat_ship_heavy_battery
basic_heavy_battery,mio_cat_tech_all_capital_ship_and_modules
improved_heavy_battery,naval_artillery
improved_heavy_battery,naval_equipment
improved_heavy_battery,ship_modules_tech
improved_heavy_battery,cat_ship_heavy_battery
improved_heavy_battery,mio_cat_tech_all_capital_ship_and_modules
advanced_heavy_battery,naval_artillery
advanced_heavy_battery,naval_equipment
advanced_heavy_battery,ship_modules_tech
advanced_heavy_battery,cat_ship_heavy_battery
advanced_heavy_battery,mio_cat_tech_all_capital_ship_and_modules
basic_heavy_shell,naval_artillery
basic_heavy_shell,naval_equipment
basic_heavy_shell,mio_cat_tech_all_capital_ship_and_modules
improved_heavy_shell,naval_artillery
improved_heavy_shell,naval_equipment
improved_heavy_shell,mio_cat_tech_all_capital_ship_and_modules
basic_dp_light_battery,naval_artillery
basic_dp_light_battery,naval_equipment
basic_dp_light_battery,ship_modules_tech
basic_dp_light_battery,mio_cat_tech_all_capital_ship_and_modules
basic_dp_light_battery,mio_cat_tech_all_screen_ship_and_modules
basic_dp_light_battery,mio_cat_tech_all_carrier_and_modules
basic_dp_light_battery,mio_cat_tech_all_cruiser_and_modules
basic_dp_light_battery,mio_cat_tech_all_destroyer_and_modules
improved_dp_light_battery,naval_artillery
improved_dp_light_battery,naval_equipment
improved_dp_light_battery,ship_modules_tech
improved_dp_light_battery,mio_cat_tech_all_capital_ship_and_modules
improved_dp_light_battery,mio_cat_tech_all_screen_ship_and_modules
improved_dp_light_battery,mio_cat_tech_all_carrier_and_modules
improved_dp_light_battery,mio_cat_tech_all_cruiser_and_modules
improved_dp_light_battery,mio_cat_tech_all_destroyer_and_modules
advanced_dp_light_battery,naval_artillery
advanced_dp_light_battery,naval_equipment
advanced_dp_light_battery,ship_modules_tech
advanced_dp_light_battery,mio_cat_tech_all_capital_ship_and_modules
advanced_dp_light_battery,mio_cat_tech_all_screen_ship_and_modules
advanced_dp_light_battery,mio_cat_tech_all_carrier_and_modules
advanced_dp_light_battery,mio_cat_tech_all_cruiser_and_modules
advanced_dp_light_battery,mio_cat_tech_all_destroyer_and_modules
basic_torpedo,naval_equipment
basic_torpedo,ship_modules_tech
basic_torpedo,cat_torpedoes
basic_torpedo,mio_cat_tech_all_screen_ship_and_modules
basic_torpedo,mio_cat_tech_all_cruiser_and_modules
basic_torpedo,mio_cat_tech_all_destroyer_and_modules
basic_torpedo,mio_cat_tech_all_submarine_and_modules
magnetic_detonator,naval_equipment
magnetic_detonator,ship_modules_tech
magnetic_detonator,cat_torpedoes
magnetic_detonator,mio_cat_tech_all_screen_ship_and_modules
magnetic_detonator,mio_cat_tech_all_cruiser_and_modules
magnetic_detonator,mio_cat_tech_all_destroyer_and_modules
magnetic_detonator,mio_cat_tech_all_submarine_and_modules
homing_torpedo,naval_equipment
homing_torpedo,ship_modules_tech
homing_torpedo,cat_torpedoes
homing_torpedo,mio_cat_tech_all_screen_ship_and_modules
homing_torpedo,mio_cat_tech_all_cruiser_and_modules
homing_torpedo,mio_cat_tech_all_destroyer_and_modules
homing_torpedo,mio_cat_tech_all_submarine_and_modules
improved_ship_torpedo_launcher,naval_equipment
improved_ship_torpedo_launcher,ship_modules_tech
improved_ship_torpedo_launcher,cat_torpedoes
improved_ship_torpedo_launcher,mio_cat_tech_all_screen_ship_and_modules
improved_ship_torpedo_launcher,mio_cat_tech_all_cruiser_and_modules
improved_ship_torpedo_launcher,mio_cat_tech_all_destroyer_and_modules
advanced_ship_torpedo_launcher,naval_equipment
advanced_ship_torpedo_launcher,ship_modules_tech
advanced_ship_torpedo_launcher,cat_torpedoes
advanced_ship_torpedo_launcher,mio_cat_tech_all_screen_ship_and_modules
advanced_ship_torpedo_launcher,mio_cat_tech_all_cruiser_and_modules
advanced_ship_torpedo_launcher,mio_cat_tech_all_destroyer_and_modules
modern_ship_torpedo_launcher,naval_equipment
modern_ship_torpedo_launcher,ship_modules_tech
modern_ship_torpedo_launcher,cat_torpedoes
modern_ship_torpedo_launcher,mio_cat_tech_all_screen_ship_and_modules
modern_ship_torpedo_launcher,mio_cat_tech_all_cruiser_and_modules
modern_ship_torpedo_launcher,mio_cat_tech_all_destroyer_and_modules
damage_control_1,naval_equipment
damage_control_1,ship_modules_tech
damage_control_1,mio_cat_tech_all_capital_ship_and_modules
damage_control_1,mio_cat_tech_all_screen_ship_and_modules
damage_control_1,mio_cat_tech_all_submarine_and_modules
damage_control_1,mio_cat_tech_all_carrier_and_modules
damage_control_1,mio_cat_tech_all_cruiser_and_modules
damage_control_1,mio_cat_tech_all_destroyer_and_modules
damage_control_2,naval_equipment
damage_control_2,ship_modules_tech
damage_control_2,mio_cat_tech_all_capital_ship_and_modules
damage_control_2,mio_cat_tech_all_screen_ship_and_modules
damage_control_2,mio_cat_tech_all_submarine_and_modules
damage_control_2,mio_cat_tech_all_carrier_and_modules
damage_control_2,mio_cat_tech_all_cruiser_and_modules
damage_control_2,mio_cat_tech_all_destroyer_and_modules
damage_control_3,naval_equipment
damage_control_3,ship_modules_tech
damage_control_3,mio_cat_tech_all_capital_ship_and_modules
damage_control_3,mio_cat_tech_all_screen_ship_and_modules
damage_control_3,mio_cat_tech_all_submarine_and_modules
damage_control_3,mio_cat_tech_all_carrier_and_modules
damage_control_3,mio_cat_tech_all_cruiser_and_modules
damage_control_3,mio_cat_tech_all_destroyer_and_modules
fire_control_methods_1,naval_equipment
fire_control_methods_1,ship_modules_tech
fire_control_methods_1,mio_cat_tech_all_capital_ship_and_modules
fire_control_methods_1,mio_cat_tech_all_screen_ship_and_modules
fire_control_methods_1,mio_cat_tech_all_cruiser_and_modules
fire_control_methods_1,mio_cat_tech_all_destroyer_and_modules
fire_control_methods_2,naval_equipment
fire_control_methods_2,ship_modules_tech
fire_control_methods_2,mio_cat_tech_all_capital_ship_and_modules
fire_control_methods_2,mio_cat_tech_all_screen_ship_and_modules
fire_control_methods_2,mio_cat_tech_all_cruiser_and_modules
fire_control_methods_2,mio_cat_tech_all_destroyer_and_modules
fire_control_methods_3,naval_equipment
fire_control_methods_3,ship_modules_tech
fire_control_methods_3,mio_cat_tech_all_capital_ship_and_modules
fire_control_methods_3,mio_cat_tech_all_screen_ship_and_modules
fire_control_methods_3,mio_cat_tech_all_cruiser_and_modules
fire_control_methods_3,mio_cat_tech_all_destroyer_and_modules
basic_naval_mines,naval_mines
basic_naval_mines,naval_minelaying
basic_naval_mines,naval_equipment
basic_naval_mines,mio_cat_tech_all_screen_ship_and_modules
basic_naval_mines,mio_cat_tech_all_cruiser_and_modules
basic_naval_mines,mio_cat_tech_all_destroyer_and_modules
submarine_mine_laying,naval_mines
submarine_mine_laying,naval_minelaying
submarine_mine_laying,naval_equipment
submarine_mine_laying,ship_modules_tech
submarine_mine_laying,mio_cat_tech_all_submarine_and_modules
improved_submarine_mine_laying,naval_mines
improved_submarine_mine_laying,naval_minelaying
improved_submarine_mine_laying,naval_equipment
improved_submarine_mine_laying,ship_modules_tech
improved_submarine_mine_laying,mio_cat_tech_all_submarine_and_modules
improved_naval_mines,naval_mines
improved_naval_mines,naval_minelaying
improved_naval_mines,naval_equipment
improved_naval_mines,mio_cat_tech_all_screen_ship_and_modules
improved_naval_mines,mio_cat_tech_all_cruiser_and_modules
improved_naval_mines,mio_cat_tech_all_destroyer_and_modules
degaussing,naval_mines
degaussing,naval_minesweeping
degaussing,naval_equipment
degaussing,mio_cat_tech_all_capital_ship_and_modules
degaussing,mio_cat_tech_all_screen_ship_and_modules
degaussing,mio_cat_tech_all_submarine_and_modules
degaussing,mio_cat_tech_all_carrier_and_modules
degaussing,mio_cat_tech_all_cruiser_and_modules
degaussing,mio_cat_tech_all_destroyer_and_modules
advanced_naval_mines,naval_mines
advanced_naval_mines,naval_minelaying
advanced_naval_mines,naval_equipment
advanced_naval_mines,mio_cat_tech_all_screen_ship_and_modules
advanced_naval_mines,mio_cat_tech_all_cruiser_and_modules
advanced_naval_mines,mio_cat_tech_all_destroyer_and_modules
airdrop_mines,naval_mines
airdrop_mines,naval_minelaying
airdrop_mines,naval_equipment
airdrop_mines_bba,naval_mines
airdrop_mines_bba,naval_minelaying
airdrop_mines_bba,naval_equipment
airsweep_mines,naval_mines
airsweep_mines,naval_minesweeping
airsweep_mines,naval_equipment
airsweep_mines_bba,naval_mines
airsweep_mines_bba,naval_minesweeping
airsweep_mines_bba,naval_equipment
mtg_transport,naval_equipment
mtg_transport,tp_tech
mtg_landing_craft,naval_equipment
mtg_landing_craft,tp_tech
mtg_tank_landing_craft,naval_equipment
mtg_tank_landing_craft,tp_tech
sp_multi_product_supply_ships,naval_equipment
sp_multi_product_supply_ships,tp_tech
sp_standard_tenshioned_replenishment_alongside_method,naval_equipment
sp_standard_tenshioned_replenishment_alongside_method,tp_tech
sp_improved_support_ship,naval_equipment
sp_improved_support_ship,tp_tech
sp_improved_repair_ship,naval_equipment
sp_improved_repair_ship,tp_tech
gwtank_chassis,armor
gwtank_chassis,mio_cat_tech_all_armor_and_modules
gwtank_chassis,cat_light_armor
gwtank_chassis,mio_cat_tech_light_armor_and_modules
basic_light_tank_chassis,armor
basic_light_tank_chassis,mio_cat_tech_all_armor_and_modules
basic_light_tank_chassis,cat_light_armor
basic_light_tank_chassis,mio_cat_tech_light_armor_and_modules
improved_light_tank_chassis,armor
improved_light_tank_chassis,mio_cat_tech_all_armor_and_modules
improved_light_tank_chassis,cat_light_armor
improved_light_tank_chassis,mio_cat_tech_light_armor_and_modules
amphibious_tank_chassis,armor
amphibious_tank_chassis,mio_cat_tech_all_armor_and_modules
amphibious_tank_chassis,tp_tech
amphibious_tank_chassis,mio_cat_tech_light_armor_and_modules
amphibious_drive,armor
amphibious_drive,mio_cat_tech_all_armor_and_modules
amphibious_drive,tp_tech
amphibious_drive,mio_cat_tech_light_armor_and_modules
advanced_light_tank_chassis,armor
advanced_light_tank_chassis,mio_cat_tech_all_armor_and_modules
advanced_light_tank_chassis,cat_light_armor
advanced_light_tank_chassis,mio_cat_tech_light_armor_and_modules
basic_medium_tank_chassis,armor
basic_medium_tank_chassis,mio_cat_tech_all_armor_and_modules
basic_medium_tank_chassis,cat_medium_armor
basic_medium_tank_chassis,mio_cat_tech_medium_armor_and_modules
improved_medium_tank_chassis,armor
improved_medium_tank_chassis,mio_cat_tech_all_armor_and_modules
improved_medium_tank_chassis,cat_medium_armor
improved_medium_tank_chassis,mio_cat_tech_medium_armor_and_modules
advanced_medium_tank_chassis,armor
advanced_medium_tank_chassis,mio_cat_tech_all_armor_and_modules
advanced_medium_tank_chassis,cat_medium_armor
advanced_medium_tank_chassis,mio_cat_tech_medium_armor_and_modules
main_battle_tank_chassis,armor
main_battle_tank_chassis,mio_cat_tech_all_armor_and_modules
main_battle_tank_chassis,cat_medium_armor
main_battle_tank_chassis,mio_cat_tech_medium_armor_and_modules
basic_heavy_tank_chassis,armor
basic_heavy_tank_chassis,mio_cat_tech_all_armor_and_modules
basic_heavy_tank_chassis,cat_heavy_armor
basic_heavy_tank_chassis,mio_cat_tech_heavy_armor_and_modules
improved_heavy_tank_chassis,armor
improved_heavy_tank_chassis,mio_cat_tech_all_armor_and_modules
improved_heavy_tank_chassis,cat_heavy_armor
improved_heavy_tank_chassis,mio_cat_tech_heavy_armor_and_modules
advanced_heavy_tank_chassis,armor
advanced_heavy_tank_chassis,mio_cat_tech_all_armor_and_modules
advanced_heavy_tank_chassis,cat_heavy_armor
advanced_heavy_tank_chassis,mio_cat_tech_heavy_armor_and_modules
super_heavy_tank_chassis,armor
super_heavy_tank_chassis,mio_cat_tech_all_armor_and_modules
super_heavy_tank_chassis,cat_heavy_armor
super_heavy_tank_chassis,mio_cat_tech_heavy_armor_and_modules
armor_tech_1,armor
armor_tech_1,mio_cat_tech_all_armor_and_modules
armor_tech_1,mio_cat_tech_light_armor_and_modules
armor_tech_1,mio_cat_tech_medium_armor_and_modules
armor_tech_1,mio_cat_tech_heavy_armor_and_modules
armor_tech_2,armor
armor_tech_2,mio_cat_tech_all_armor_and_modules
armor_tech_2,mio_cat_tech_light_armor_and_modules
armor_tech_2,mio_cat_tech_medium_armor_and_modules
armor_tech_2,mio_cat_tech_heavy_armor_and_modules
armor_tech_3,armor
armor_tech_3,mio_cat_tech_all_armor_and_modules
armor_tech_3,mio_cat_tech_light_armor_and_modules
armor_tech_3,mio_cat_tech_medium_armor_and_modules
armor_tech_3,mio_cat_tech_heavy_armor_and_modules
armor_tech_4,armor
armor_tech_4,mio_cat_tech_all_armor_and_modules
armor_tech_4,mio_cat_tech_light_armor_and_modules
armor_tech_4,mio_cat_tech_medium_armor_and_modules
armor_tech_4,mio_cat_tech_heavy_armor_and_modules
engine_tech_1,armor
engine_tech_1,mio_cat_tech_all_armor_and_modules
engine_tech_1,mio_cat_tech_light_armor_and_modules
engine_tech_1,mio_cat_tech_medium_armor_and_modules
engine_tech_1,mio_cat_tech_heavy_armor_and_modules
engine_tech_2,armor
engine_tech_2,mio_cat_tech_all_armor_and_modules
engine_tech_2,mio_cat_tech_light_armor_and_modules
engine_tech_2,mio_cat_tech_medium_armor_and_modules
engine_tech_2,mio_cat_tech_heavy_armor_and_modules
engine_tech_3,armor
engine_tech_3,mio_cat_tech_all_armor_and_modules
engine_tech_3,mio_cat_tech_light_armor_and_modules
engine_tech_3,mio_cat_tech_medium_armor_and_modules
engine_tech_3,mio_cat_tech_heavy_armor_and_modules
engine_tech_4,armor
engine_tech_4,mio_cat_tech_all_armor_and_modules
engine_tech_4,mio_cat_tech_light_armor_and_modules
engine_tech_4,mio_cat_tech_medium_armor_and_modules
engine_tech_4,mio_cat_tech_heavy_armor_and_modules
NOR_rikstanken_tech,armor
sp_armored_advanced_flamethrower_tech,armor
sp_armored_advanced_flamethrower_tech,mio_cat_tech_all_armor_and_modules
sp_armored_advanced_flamethrower_tech,mio_cat_tech_light_armor_and_modules
sp_armored_advanced_flamethrower_tech,mio_cat_tech_medium_armor_and_modules
sp_armored_advanced_flamethrower_tech,mio_cat_tech_heavy_armor_and_modules
sp_armored_lc_naval_engine_conversion_tech,armor
sp_armored_lc_naval_engine_conversion_tech,mio_cat_tech_all_armor_and_modules
sp_armored_lc_naval_engine_conversion_tech,cat_heavy_armor
sp_armored_lc_naval_engine_conversion_tech,mio_cat_tech_heavy_armor_and_modules
sp_armored_lc_transmission_improvements_tech,armor
sp_armored_lc_transmission_improvements_tech,mio_cat_tech_all_armor_and_modules
sp_armored_lc_transmission_improvements_tech,cat_heavy_armor
sp_armored_lc_transmission_improvements_tech,mio_cat_tech_heavy_armor_and_modules
sp_armored_lc_specialized_field_manuals_tech,armor
sp_armored_lc_specialized_field_manuals_tech,mio_cat_tech_all_armor_and_modules
sp_armored_lc_specialized_field_manuals_tech,cat_heavy_armor
sp_armored_lc_specialized_field_manuals_tech,mio_cat_tech_heavy_armor_and_modules
sp_armored_lc_weapon_fire_control_tech,armor
sp_armored_lc_weapon_fire_control_tech,mio_cat_tech_all_armor_and_modules
sp_armored_lc_weapon_fire_control_tech,cat_heavy_armor
sp_armored_lc_weapon_fire_control_tech,mio_cat_tech_heavy_armor_and_modules
sp_armored_lc_high_impact_obliterator_cannon_tech,armor
sp_armored_lc_high_impact_obliterator_cannon_tech,mio_cat_tech_all_armor_and_modules
sp_armored_lc_high_impact_obliterator_cannon_tech,cat_heavy_armor
sp_armored_lc_high_impact_obliterator_cannon_tech,mio_cat_tech_heavy_armor_and_modules
early_transport_plane,air_equipment
early_transport_plane,transport_planes_cat
improved_transport_plane,air_equipment
improved_transport_plane,transport_planes_cat
strategic_airlifter,air_equipment
strategic_airlifter,transport_planes_cat
early_fighter,light_air
early_fighter,light_fighter
early_fighter,air_equipment
early_fighter,mio_cat_all_light_fighter_and_modules
early_fighter,mio_cat_all_light_aircraft_and_modules
cv_early_fighter,naval_air
cv_early_fighter,air_equipment
cv_early_fighter,mio_cat_all_light_fighter_and_modules
fighter1,light_air
fighter1,light_fighter
fighter1,air_equipment
fighter1,mio_cat_all_light_fighter_and_modules
fighter1,mio_cat_all_light_aircraft_and_modules
cv_fighter1,naval_air
cv_fighter1,air_equipment
cv_fighter1,mio_cat_all_light_fighter_and_modules
fighter2,light_air
fighter2,light_fighter
fighter2,air_equipment
fighter2,mio_cat_all_light_fighter_and_modules
fighter2,mio_cat_all_light_aircraft_and_modules
cv_fighter2,naval_air
cv_fighter2,air_equipment
cv_fighter2,mio_cat_all_light_fighter_and_modules
fighter3,light_air
fighter3,light_fighter
fighter3,air_equipment
fighter3,mio_cat_all_light_fighter_and_modules
fighter3,mio_cat_all_light_aircraft_and_modules
cv_fighter3,naval_air
cv_fighter3,air_equipment
cv_fighter3,mio_cat_all_light_fighter_and_modules
jet_fighter1,light_air
jet_fighter1,jet_technology
jet_fighter1,mio_cat_all_light_fighter_and_modules
jet_fighter1,mio_cat_all_light_aircraft_and_modules
jet_fighter2,light_air
jet_fighter2,jet_technology
jet_fighter2,mio_cat_all_light_fighter_and_modules
jet_fighter2,mio_cat_all_light_aircraft_and_modules
supersonic_fighter1,light_air
supersonic_fighter1,jet_technology
supersonic_fighter1,mio_cat_all_light_fighter_and_modules
supersonic_fighter1,mio_cat_all_light_aircraft_and_modules
CAS1,light_air
CAS1,cas_bomber
CAS1,air_equipment
CAS1,mio_cat_all_cas_and_modules
CAS1,mio_cat_all_light_aircraft_and_modules
cv_CAS1,naval_air
cv_CAS1,air_equipment
cv_CAS1,cas_bomber
cv_CAS1,mio_cat_all_cas_and_modules
CAS2,light_air
CAS2,cas_bomber
CAS2,air_equipment
CAS2,mio_cat_all_cas_and_modules
CAS2,mio_cat_all_light_aircraft_and_modules
cv_CAS2,naval_air
cv_CAS2,air_equipment
cv_CAS2,cas_bomber
cv_CAS2,mio_cat_all_cas_and_modules
CAS3,light_air
CAS3,cas_bomber
CAS3,air_equipment
CAS3,mio_cat_all_cas_and_modules
CAS3,mio_cat_all_light_aircraft_and_modules
cv_CAS3,naval_air
cv_CAS3,air_equipment
cv_CAS3,cas_bomber
cv_CAS3,mio_cat_all_cas_and_modules
naval_bomber1,naval_air
naval_bomber1,naval_bomber
naval_bomber1,air_equipment
naval_bomber1,mio_cat_all_naval_bomber_and_modules
naval_bomber1,mio_cat_all_light_aircraft_and_modules
cv_naval_bomber1,naval_air
cv_naval_bomber1,air_equipment
cv_naval_bomber1,mio_cat_all_naval_bomber_and_modules
naval_bomber2,naval_air
naval_bomber2,air_equipment
naval_bomber2,naval_bomber
naval_bomber2,mio_cat_all_naval_bomber_and_modules
naval_bomber2,mio_cat_all_light_aircraft_and_modules
cv_naval_bomber2,naval_air
cv_naval_bomber2,air_equipment
cv_naval_bomber2,mio_cat_all_naval_bomber_and_modules
naval_bomber3,naval_air
naval_bomber3,naval_bomber
naval_bomber3,air_equipment
naval_bomber3,mio_cat_all_naval_bomber_and_modules
naval_bomber3,mio_cat_all_light_aircraft_and_modules
cv_naval_bomber3,naval_air
cv_naval_bomber3,air_equipment
cv_naval_bomber3,mio_cat_all_naval_bomber_and_modules
early_bomber,medium_air
early_bomber,tactical_bomber
early_bomber,air_equipment
early_bomber,mio_cat_all_medium_aircraft_and_modules
heavy_fighter1,medium_air
heavy_fighter1,air_equipment
heavy_fighter1,cat_heavy_fighter
heavy_fighter1,mio_cat_all_medium_aircraft_and_modules
heavy_fighter2,medium_air
heavy_fighter2,air_equipment
heavy_fighter2,cat_heavy_fighter
heavy_fighter2,mio_cat_all_medium_aircraft_and_modules
heavy_fighter3,medium_air
heavy_fighter3,air_equipment
heavy_fighter3,cat_heavy_fighter
heavy_fighter3,mio_cat_all_medium_aircraft_and_modules
scout_plane1,medium_air
scout_plane1,air_equipment
scout_plane1,cat_scout_plane
scout_plane1,mio_cat_all_medium_aircraft_and_modules
scout_plane2,medium_air
scout_plane2,air_equipment
scout_plane2,cat_scout_plane
scout_plane2,mio_cat_all_medium_aircraft_and_modules
tactical_bomber1,medium_air
tactical_bomber1,tactical_bomber
tactical_bomber1,air_equipment
tactical_bomber1,mio_cat_all_medium_aircraft_and_modules
tactical_bomber2,medium_air
tactical_bomber2,tactical_bomber
tactical_bomber2,air_equipment
tactical_bomber2,mio_cat_all_medium_aircraft_and_modules
tactical_bomber3,medium_air
tactical_bomber3,tactical_bomber
tactical_bomber3,air_equipment
tactical_bomber3,mio_cat_all_medium_aircraft_and_modules
jet_tactical_bomber1,medium_air
jet_tactical_bomber1,jet_technology
jet_tactical_bomber1,tactical_bomber
jet_tactical_bomber1,mio_cat_all_medium_aircraft_and_modules
jet_tactical_bomber2,medium_air
jet_tactical_bomber2,jet_technology
jet_tactical_bomber2,tactical_bomber
jet_tactical_bomber2,mio_cat_all_medium_aircraft_and_modules
strategic_bomber1,heavy_air
strategic_bomber1,air_equipment
strategic_bomber1,cat_strategic_bomber
strategic_bomber1,mio_cat_all_heavy_aircraft_and_modules
strategic_bomber2,heavy_air
strategic_bomber2,air_equipment
strategic_bomber2,cat_strategic_bomber
strategic_bomber2,mio_cat_all_heavy_aircraft_and_modules
strategic_bomber3,heavy_air
strategic_bomber3,air_equipment
strategic_bomber3,cat_strategic_bomber
strategic_bomber3,mio_cat_all_heavy_aircraft_and_modules
jet_strategic_bomber1,heavy_air
jet_strategic_bomber1,jet_technology
jet_strategic_bomber1,cat_strategic_bomber
jet_strategic_bomber1,mio_cat_all_heavy_aircraft_and_modules
gwtank,armor
gwtank,mio_cat_tech_all_armor_and_modules
gwtank,cat_light_armor
gwtank,mio_cat_tech_light_armor_and_modules
basic_light_tank,armor
basic_light_tank,mio_cat_tech_all_armor_and_modules
basic_light_tank,cat_light_armor
basic_light_tank,mio_cat_tech_light_armor_and_modules
basic_light_td,armor
basic_light_td,mio_cat_tech_all_armor_and_modules
basic_light_td,mio_cat_tech_light_armor_and_modules
basic_light_art,armor
basic_light_art,mio_cat_tech_all_armor_and_modules
basic_light_art,mio_cat_tech_light_armor_and_modules
basic_light_spaa,armor
basic_light_spaa,mio_cat_tech_all_armor_and_modules
basic_light_spaa,mio_cat_tech_light_armor_and_modules
improved_light_tank,armor
improved_light_tank,mio_cat_tech_all_armor_and_modules
improved_light_tank,cat_light_armor
improved_light_tank,mio_cat_tech_light_armor_and_modules
improved_light_td,armor
improved_light_td,mio_cat_tech_all_armor_and_modules
improved_light_td,mio_cat_tech_light_armor_and_modules
improved_light_art,armor
improved_light_art,mio_cat_tech_all_armor_and_modules
improved_light_art,mio_cat_tech_light_armor_and_modules
improved_light_spaa,armor
improved_light_spaa,mio_cat_tech_all_armor_and_modules
improved_light_spaa,mio_cat_tech_light_armor_and_modules
amphibious_tank,armor
amphibious_tank,mio_cat_tech_all_armor_and_modules
amphibious_tank,tp_tech
amphibious_tank,mio_cat_tech_light_armor_and_modules
amphibious_tank_2,armor
amphibious_tank_2,mio_cat_tech_all_armor_and_modules
amphibious_tank_2,tp_tech
amphibious_tank_2,mio_cat_tech_light_armor_and_modules
advanced_light_tank,armor
advanced_light_tank,mio_cat_tech_all_armor_and_modules
advanced_light_tank,cat_light_armor
advanced_light_tank,mio_cat_tech_light_armor_and_modules
advanced_light_td,armor
advanced_light_td,mio_cat_tech_all_armor_and_modules
advanced_light_td,mio_cat_tech_light_armor_and_modules
advanced_light_art,armor
advanced_light_art,mio_cat_tech_all_armor_and_modules
advanced_light_art,mio_cat_tech_light_armor_and_modules
advanced_light_spaa,armor
advanced_light_spaa,mio_cat_tech_all_armor_and_modules
advanced_light_spaa,mio_cat_tech_light_armor_and_modules
basic_medium_tank,armor
basic_medium_tank,mio_cat_tech_all_armor_and_modules
basic_medium_tank,cat_medium_armor
basic_medium_tank,mio_cat_tech_medium_armor_and_modules
basic_medium_td,armor
basic_medium_td,mio_cat_tech_all_armor_and_modules
basic_medium_td,mio_cat_tech_medium_armor_and_modules
basic_medium_art,armor
basic_medium_art,mio_cat_tech_all_armor_and_modules
basic_medium_art,mio_cat_tech_medium_armor_and_modules
basic_medium_spaa,armor
basic_medium_spaa,mio_cat_tech_all_armor_and_modules
basic_medium_spaa,mio_cat_tech_medium_armor_and_modules
improved_medium_tank,armor
improved_medium_tank,mio_cat_tech_all_armor_and_modules
improved_medium_tank,cat_medium_armor
improved_medium_tank,mio_cat_tech_medium_armor_and_modules
improved_medium_td,armor
improved_medium_td,mio_cat_tech_all_armor_and_modules
improved_medium_td,mio_cat_tech_medium_armor_and_modules
improved_medium_art,armor
improved_medium_art,mio_cat_tech_all_armor_and_modules
improved_medium_art,mio_cat_tech_medium_armor_and_modules
improved_medium_spaa,armor
improved_medium_spaa,mio_cat_tech_all_armor_and_modules
improved_medium_spaa,mio_cat_tech_medium_armor_and_modules
advanced_medium_tank,armor
advanced_medium_tank,mio_cat_tech_all_armor_and_modules
advanced_medium_tank,cat_medium_armor
advanced_medium_tank,mio_cat_tech_medium_armor_and_modules
advanced_medium_td,armor
advanced_medium_td,mio_cat_tech_all_armor_and_modules
advanced_medium_td,mio_cat_tech_medium_armor_and_modules
advanced_medium_art,armor
advanced_medium_art,mio_cat_tech_all_armor_and_modules
advanced_medium_art,mio_cat_tech_medium_armor_and_modules
advanced_medium_spaa,armor
advanced_medium_spaa,mio_cat_tech_all_armor_and_modules
advanced_medium_spaa,mio_cat_tech_medium_armor_and_modules
main_battle_tank,armor
main_battle_tank,mio_cat_tech_all_armor_and_modules
main_battle_tank,cat_medium_armor
main_battle_tank,mio_cat_tech_medium_armor_and_modules
modern_td,armor
modern_td,mio_cat_tech_all_armor_and_modules
modern_td,mio_cat_tech_medium_armor_and_modules
modern_art,armor
modern_art,mio_cat_tech_all_armor_and_modules
modern_art,mio_cat_tech_medium_armor_and_modules
modern_spaa,armor
modern_spaa,mio_cat_tech_all_armor_and_modules
modern_spaa,mio_cat_tech_medium_armor_and_modules
basic_heavy_tank,armor
basic_heavy_tank,mio_cat_tech_all_armor_and_modules
basic_heavy_tank,cat_heavy_armor
basic_heavy_tank,mio_cat_tech_heavy_armor_and_modules
basic_heavy_td,armor
basic_heavy_td,mio_cat_tech_all_armor_and_modules
basic_heavy_td,mio_cat_tech_heavy_armor_and_modules
basic_heavy_art,armor
basic_heavy_art,mio_cat_tech_all_armor_and_modules
basic_heavy_art,mio_cat_tech_heavy_armor_and_modules
basic_heavy_spaa,armor
basic_heavy_spaa,mio_cat_tech_all_armor_and_modules
basic_heavy_spaa,mio_cat_tech_heavy_armor_and_modules
improved_heavy_tank,armor
improved_heavy_tank,mio_cat_tech_all_armor_and_modules
improved_heavy_tank,cat_heavy_armor
improved_heavy_tank,mio_cat_tech_heavy_armor_and_modules
improved_heavy_td,armor
improved_heavy_td,mio_cat_tech_all_armor_and_modules
improved_heavy_td,mio_cat_tech_heavy_armor_and_modules
improved_heavy_art,armor
improved_heavy_art,mio_cat_tech_all_armor_and_modules
improved_heavy_art,mio_cat_tech_heavy_armor_and_modules
improved_heavy_spaa,armor
improved_heavy_spaa,mio_cat_tech_all_armor_and_modules
improved_heavy_spaa,mio_cat_tech_heavy_armor_and_modules
advanced_heavy_tank,armor
advanced_heavy_tank,mio_cat_tech_all_armor_and_modules
advanced_heavy_tank,cat_heavy_armor
advanced_heavy_tank,mio_cat_tech_heavy_armor_and_modules
advanced_heavy_td,armor
advanced_heavy_td,mio_cat_tech_all_armor_and_modules
advanced_heavy_td,mio_cat_tech_heavy_armor_and_modules
advanced_heavy_art,armor
advanced_heavy_art,mio_cat_tech_all_armor_and_modules
advanced_heavy_art,mio_cat_tech_heavy_armor_and_modules
advanced_heavy_spaa,armor
advanced_heavy_spaa,mio_cat_tech_all_armor_and_modules
advanced_heavy_spaa,mio_cat_tech_heavy_armor_and_modules
super_heavy_tank,armor
super_heavy_tank,mio_cat_tech_all_armor_and_modules
super_heavy_tank,cat_heavy_armor
super_heavy_tank,mio_cat_tech_heavy_armor_and_modules
super_heavy_td,armor
super_heavy_td,mio_cat_tech_all_armor_and_modules
super_heavy_td,mio_cat_tech_heavy_armor_and_modules
super_heavy_art,armor
super_heavy_art,mio_cat_tech_all_armor_and_modules
super_heavy_art,mio_cat_tech_heavy_armor_and_modules
super_heavy_spaa,armor
super_heavy_spaa,mio_cat_tech_all_armor_and_modules
super_heavy_spaa,mio_cat_tech_heavy_armor_and_modules
mountain_tanks,cat_anti_tank
mountain_tanks,artillery
mountain_tanks,mio_cat_all_artillery_equipment
gw_artillery,artillery
gw_artillery,mio_cat_all_artillery_equipment
gw_artillery,mio_cat_artillery
interwar_artillery,artillery
interwar_artillery,mio_cat_all_artillery_equipment
interwar_artillery,mio_cat_artillery
artillery1,artillery
artillery1,mio_cat_all_artillery_equipment
artillery1,mio_cat_artillery
artillery2,artillery
artillery2,mio_cat_all_artillery_equipment
artillery2,mio_cat_artillery
artillery3,artillery
artillery3,mio_cat_all_artillery_equipment
artillery3,mio_cat_artillery
artillery4,artillery
artillery4,mio_cat_all_artillery_equipment
artillery4,mio_cat_artillery
artillery5,artillery
artillery5,mio_cat_all_artillery_equipment
artillery5,mio_cat_artillery
rocket_artillery,rocketry
rocket_artillery,mio_cat_all_artillery_equipment
rocket_artillery2,rocketry
rocket_artillery2,mio_cat_all_artillery_equipment
rocket_artillery3,rocketry
rocket_artillery3,mio_cat_all_artillery_equipment
rocket_artillery4,rocketry
rocket_artillery4,mio_cat_all_artillery_equipment
interwar_antiair,artillery
interwar_antiair,cat_anti_air
interwar_antiair,mio_cat_all_artillery_equipment
antiair1,artillery
antiair1,cat_anti_air
antiair1,mio_cat_all_artillery_equipment
antiair2,artillery
antiair2,cat_anti_air
antiair2,mio_cat_all_artillery_equipment
antiair3,artillery
antiair3,cat_anti_air
antiair3,mio_cat_all_artillery_equipment
antiair4,artillery
antiair4,cat_anti_air
antiair4,mio_cat_all_artillery_equipment
antiair5,artillery
antiair5,cat_anti_air
antiair5,mio_cat_all_artillery_equipment
interwar_antitank,artillery
interwar_antitank,cat_anti_tank
interwar_antitank,mio_cat_all_artillery_equipment
antitank1,artillery
antitank1,cat_anti_tank
antitank1,mio_cat_all_artillery_equipment
antitank2,artillery
antitank2,cat_anti_tank
antitank2,mio_cat_all_artillery_equipment
antitank3,artillery
antitank3,cat_anti_tank
antitank3,mio_cat_all_artillery_equipment
antitank4,artillery
antitank4,cat_anti_tank
antitank4,mio_cat_all_artillery_equipment
antitank5,artillery
antitank5,cat_anti_tank
antitank5,mio_cat_all_artillery_equipment
SWE_bofors_antitank_gun,cat_anti_tank
SWE_bofors_antitank_gun,artillery
SWE_bofors_antitank_gun,mio_cat_all_artillery_equipment
sp_artillery_rocket_assisted_projectiles_tech,artillery
sp_artillery_rocket_assisted_projectiles_tech,mio_cat_all_artillery_equipment
sp_artillery_rocket_assisted_projectiles_tech,mio_cat_artillery
sp_artillery_purpose_built_gun_motor_carriages_tech,artillery
sp_artillery_purpose_built_gun_motor_carriages_tech,mio_cat_all_artillery_equipment
sp_artillery_purpose_built_gun_motor_carriages_tech,mio_cat_artillery
sp_shock_hardening_techniques,artillery
sp_shock_hardening_techniques,mio_cat_all_artillery_equipment
sp_shock_hardening_techniques,mio_cat_artillery
sp_variable_time_fuze_shells,artillery
sp_variable_time_fuze_shells,mio_cat_all_artillery_equipment
sp_variable_time_fuze_shells,mio_cat_artillery
bba_early_transport_plane,air_equipment
bba_early_transport_plane,transport_planes_cat
bba_improved_transport_plane,air_equipment
bba_improved_transport_plane,transport_planes_cat
bba_strategic_airlifter,air_equipment
bba_strategic_airlifter,transport_planes_cat
iw_small_airframe,light_air
iw_small_airframe,light_fighter
iw_small_airframe,cas_bomber
iw_small_airframe,naval_air
iw_small_airframe,naval_bomber
iw_small_airframe,air_equipment
iw_small_airframe,mio_cat_all_light_fighter_and_modules
iw_small_airframe,mio_cat_all_cas_and_modules
iw_small_airframe,mio_cat_all_naval_bomber_and_modules
iw_small_airframe,mio_cat_all_light_aircraft_and_modules
basic_small_airframe,light_air
basic_small_airframe,light_fighter
basic_small_airframe,cas_bomber
basic_small_airframe,naval_air
basic_small_airframe,naval_bomber
basic_small_airframe,air_equipment
basic_small_airframe,mio_cat_all_light_fighter_and_modules
basic_small_airframe,mio_cat_all_cas_and_modules
basic_small_airframe,mio_cat_all_naval_bomber_and_modules
basic_small_airframe,mio_cat_all_light_aircraft_and_modules
improved_small_airframe,light_air
improved_small_airframe,light_fighter
improved_small_airframe,cas_bomber
improved_small_airframe,naval_air
improved_small_airframe,naval_bomber
improved_small_airframe,air_equipment
improved_small_airframe,mio_cat_all_light_fighter_and_modules
improved_small_airframe,mio_cat_all_cas_and_modules
improved_small_airframe,mio_cat_all_naval_bomber_and_modules
improved_small_airframe,mio_cat_all_light_aircraft_and_modules
advanced_small_airframe,light_air
advanced_small_airframe,light_fighter
advanced_small_airframe,cas_bomber
advanced_small_airframe,naval_air
advanced_small_airframe,naval_bomber
advanced_small_airframe,air_equipment
advanced_small_airframe,mio_cat_all_light_fighter_and_modules
advanced_small_airframe,mio_cat_all_cas_and_modules
advanced_small_airframe,mio_cat_all_naval_bomber_and_modules
advanced_small_airframe,mio_cat_all_light_aircraft_and_modules
modern_small_airframe,light_air
modern_small_airframe,light_fighter
modern_small_airframe,cas_bomber
modern_small_airframe,air_equipment
modern_small_airframe,naval_air
modern_small_airframe,naval_bomber
modern_small_airframe,jet_technology
modern_small_airframe,mio_cat_all_light_fighter_and_modules
modern_small_airframe,mio_cat_all_cas_and_modules
modern_small_airframe,mio_cat_all_naval_bomber_and_modules
modern_small_airframe,mio_cat_all_light_aircraft_and_modules
supersonic_small_airframe,light_air
supersonic_small_airframe,light_fighter
iw_medium_airframe,medium_air
iw_medium_airframe,tactical_bomber
iw_medium_airframe,cat_heavy_fighter
iw_medium_airframe,air_equipment
iw_medium_airframe,mio_cat_all_medium_aircraft_and_modules
basic_medium_airframe,medium_air
basic_medium_airframe,tactical_bomber
basic_medium_airframe,cat_heavy_fighter
basic_medium_airframe,air_equipment
basic_medium_airframe,mio_cat_all_medium_aircraft_and_modules
improved_medium_airframe,medium_air
improved_medium_airframe,tactical_bomber
improved_medium_airframe,cat_heavy_fighter
improved_medium_airframe,air_equipment
improved_medium_airframe,mio_cat_all_medium_aircraft_and_modules
advanced_medium_airframe,medium_air
advanced_medium_airframe,tactical_bomber
advanced_medium_airframe,cat_heavy_fighter
advanced_medium_airframe,air_equipment
advanced_medium_airframe,mio_cat_all_medium_aircraft_and_modules
modern_medium_airframe,medium_air
modern_medium_airframe,jet_technology
modern_medium_airframe,cat_heavy_fighter
modern_medium_airframe,tactical_bomber
modern_medium_airframe,mio_cat_all_medium_aircraft_and_modules
iw_large_airframe,heavy_air
iw_large_airframe,air_equipment
iw_large_airframe,cat_strategic_bomber
iw_large_airframe,cat_maritime_patrol
iw_large_airframe,mio_cat_all_heavy_aircraft_and_modules
basic_large_airframe,heavy_air
basic_large_airframe,air_equipment
basic_large_airframe,cat_strategic_bomber
basic_large_airframe,cat_maritime_patrol
basic_large_airframe,mio_cat_all_heavy_aircraft_and_modules
improved_large_airframe,heavy_air
improved_large_airframe,air_equipment
improved_large_airframe,cat_strategic_bomber
improved_large_airframe,cat_maritime_patrol
improved_large_airframe,mio_cat_all_heavy_aircraft_and_modules
advanced_large_airframe,heavy_air
advanced_large_airframe,air_equipment
advanced_large_airframe,cat_strategic_bomber
advanced_large_airframe,cat_maritime_patrol
advanced_large_airframe,mio_cat_all_heavy_aircraft_and_modules
modern_large_airframe,heavy_air
modern_large_airframe,jet_technology
modern_large_airframe,cat_strategic_bomber
modern_large_airframe,cat_maritime_patrol
modern_large_airframe,mio_cat_all_heavy_aircraft_and_modules
early_bombs,air_equipment
early_bombs,plane_modules_tech
early_bombs,cat_air_bombs
early_bombs,mio_cat_all_cas_and_modules
early_bombs,mio_cat_all_medium_aircraft_and_modules
early_bombs,mio_cat_all_heavy_aircraft_and_modules
early_bombs,mio_cat_all_light_aircraft_and_modules
heavy_bombs,air_equipment
heavy_bombs,plane_modules_tech
heavy_bombs,cat_air_bombs
heavy_bombs,mio_cat_all_cas_and_modules
heavy_bombs,mio_cat_all_medium_aircraft_and_modules
heavy_bombs,mio_cat_all_light_aircraft_and_modules
armor_piercing_bombs,air_equipment
armor_piercing_bombs,plane_modules_tech
armor_piercing_bombs,cat_air_bombs
armor_piercing_bombs,mio_cat_all_cas_and_modules
armor_piercing_bombs,mio_cat_all_medium_aircraft_and_modules
armor_piercing_bombs,mio_cat_all_light_aircraft_and_modules
photo_reconnaisance,air_equipment
photo_reconnaisance,plane_modules_tech
photo_reconnaisance,mio_cat_all_medium_aircraft_and_modules
air_torpedoe_1,air_equipment
air_torpedoe_1,plane_modules_tech
air_torpedoe_1,cat_air_bombs
air_torpedoe_1,cat_maritime_patrol
air_torpedoe_1,mio_cat_all_naval_bomber_and_modules
air_torpedoe_1,mio_cat_all_medium_aircraft_and_modules
air_torpedoe_1,mio_cat_all_heavy_aircraft_and_modules
air_torpedoe_1,mio_cat_all_light_aircraft_and_modules
air_torpedoe_2,air_equipment
air_torpedoe_2,plane_modules_tech
air_torpedoe_2,cat_air_bombs
air_torpedoe_2,cat_maritime_patrol
air_torpedoe_2,mio_cat_all_naval_bomber_and_modules
air_torpedoe_2,mio_cat_all_medium_aircraft_and_modules
air_torpedoe_2,mio_cat_all_heavy_aircraft_and_modules
air_torpedoe_2,mio_cat_all_light_aircraft_and_modules
air_torpedoe_3,air_equipment
air_torpedoe_3,plane_modules_tech
air_torpedoe_3,cat_air_bombs
air_torpedoe_3,cat_maritime_patrol
air_torpedoe_3,mio_cat_all_naval_bomber_and_modules
air_torpedoe_3,mio_cat_all_medium_aircraft_and_modules
air_torpedoe_3,mio_cat_all_heavy_aircraft_and_modules
air_torpedoe_3,mio_cat_all_light_aircraft_and_modules
aa_lmg,air_equipment
aa_lmg,plane_modules_tech
aa_lmg,cat_air_guns
aa_lmg,mio_cat_all_light_fighter_and_modules
aa_lmg,mio_cat_all_medium_aircraft_and_modules
aa_lmg,mio_cat_all_heavy_aircraft_and_modules
aa_lmg,mio_cat_all_light_aircraft_and_modules
survivability_studies,air_equipment
survivability_studies,plane_modules_tech
survivability_studies,mio_cat_all_light_fighter_and_modules
survivability_studies,mio_cat_all_medium_aircraft_and_modules
survivability_studies,mio_cat_all_heavy_aircraft_and_modules
survivability_studies,mio_cat_all_light_aircraft_and_modules
aa_hmg,air_equipment
aa_hmg,plane_modules_tech
aa_hmg,cat_air_guns
aa_hmg,mio_cat_all_light_fighter_and_modules
aa_hmg,mio_cat_all_medium_aircraft_and_modules
aa_hmg,mio_cat_all_heavy_aircraft_and_modules
aa_hmg,mio_cat_all_light_aircraft_and_modules
aa_cannon_1,air_equipment
aa_cannon_1,plane_modules_tech
aa_cannon_1,cat_air_guns
aa_cannon_1,mio_cat_all_light_fighter_and_modules
aa_cannon_1,mio_cat_all_medium_aircraft_and_modules
aa_cannon_1,mio_cat_all_heavy_aircraft_and_modules
aa_cannon_1,mio_cat_all_light_aircraft_and_modules
aa_cannon_2,air_equipment
aa_cannon_2,plane_modules_tech
aa_cannon_2,cat_air_guns
aa_cannon_2,mio_cat_all_light_fighter_and_modules
aa_cannon_2,mio_cat_all_medium_aircraft_and_modules
aa_cannon_2,mio_cat_all_heavy_aircraft_and_modules
aa_cannon_2,mio_cat_all_light_aircraft_and_modules
aa_cannon_3,air_equipment
aa_cannon_3,plane_modules_tech
aa_cannon_3,cat_air_guns
aa_cannon_3,mio_cat_all_light_fighter_and_modules
aa_cannon_3,mio_cat_all_medium_aircraft_and_modules
aa_cannon_3,mio_cat_all_heavy_aircraft_and_modules
aa_cannon_3,mio_cat_all_light_aircraft_and_modules
engines_1,air_equipment
engines_1,plane_modules_tech
engines_1,cat_air_engine
engines_1,mio_cat_all_light_fighter_and_modules
engines_1,mio_cat_all_cas_and_modules
engines_1,mio_cat_all_naval_bomber_and_modules
engines_1,mio_cat_all_medium_aircraft_and_modules
engines_1,mio_cat_all_heavy_aircraft_and_modules
engines_1,mio_cat_all_light_aircraft_and_modules
engines_2,air_equipment
engines_2,plane_modules_tech
engines_2,cat_air_engine
engines_2,mio_cat_all_light_fighter_and_modules
engines_2,mio_cat_all_cas_and_modules
engines_2,mio_cat_all_naval_bomber_and_modules
engines_2,mio_cat_all_medium_aircraft_and_modules
engines_2,mio_cat_all_heavy_aircraft_and_modules
engines_2,mio_cat_all_light_aircraft_and_modules
engines_3,air_equipment
engines_3,plane_modules_tech
engines_3,cat_air_engine
engines_3,mio_cat_all_light_fighter_and_modules
engines_3,mio_cat_all_cas_and_modules
engines_3,mio_cat_all_naval_bomber_and_modules
engines_3,mio_cat_all_medium_aircraft_and_modules
engines_3,mio_cat_all_heavy_aircraft_and_modules
engines_3,mio_cat_all_light_aircraft_and_modules
engines_4,air_equipment
engines_4,plane_modules_tech
engines_4,cat_air_engine
engines_4,mio_cat_all_light_fighter_and_modules
engines_4,mio_cat_all_cas_and_modules
engines_4,mio_cat_all_naval_bomber_and_modules
engines_4,mio_cat_all_medium_aircraft_and_modules
engines_4,mio_cat_all_heavy_aircraft_and_modules
engines_4,mio_cat_all_light_aircraft_and_modules
range_improvements,air_equipment
range_improvements,plane_modules_tech
range_improvements,mio_cat_all_light_fighter_and_modules
range_improvements,mio_cat_all_cas_and_modules
range_improvements,mio_cat_all_naval_bomber_and_modules
range_improvements,mio_cat_all_medium_aircraft_and_modules
range_improvements,mio_cat_all_heavy_aircraft_and_modules
range_improvements,mio_cat_all_light_aircraft_and_modules
aircraft_construction,air_equipment
aircraft_construction,plane_modules_tech
aircraft_construction,mio_cat_all_light_fighter_and_modules
aircraft_construction,mio_cat_all_cas_and_modules
aircraft_construction,mio_cat_all_naval_bomber_and_modules
aircraft_construction,mio_cat_all_medium_aircraft_and_modules
aircraft_construction,mio_cat_all_heavy_aircraft_and_modules
aircraft_construction,mio_cat_all_light_aircraft_and_modules
sp_centrifugal_jet_tech,jet_technology
sp_centrifugal_jet_tech,cat_air_engine
sp_centrifugal_jet_tech,helicopter_tech
reinforced_wings_mothership,heavy_air
reinforced_wings_mothership,air_equipment
reinforced_wings_mothership,cat_strategic_bomber
reinforced_wings_mothership,mio_cat_all_heavy_aircraft_and_modules
miniature_fighters,heavy_air
miniature_fighters,air_equipment
miniature_fighters,cat_strategic_bomber
miniature_fighters,mio_cat_all_heavy_aircraft_and_modules
aerial_hangars,heavy_air
aerial_hangars,air_equipment
aerial_hangars,cat_strategic_bomber
aerial_hangars,mio_cat_all_heavy_aircraft_and_modules
electronic_mechanical_engineering,electronics
radio,electronics
improved_radio,electronics
advanced_radio,electronics
radio_detection,electronics
radio_detection,radar_tech
cavity_magnatron,electronics
cavity_magnatron,radar_tech
centimetric_radar,electronics
centimetric_radar,radar_tech
phased_array,electronics
phased_array,radar_tech
monopulse_radar,electronics
monopulse_radar,radar_tech
mechanical_computing,electronics
mechanical_computing,computing_tech
computing_machine,electronics
computing_machine,encryption_tech
computing_machine,decryption_tech
computing_machine,computing_tech
improved_computing_machine,electronics
improved_computing_machine,encryption_tech
improved_computing_machine,decryption_tech
improved_computing_machine,computing_tech
advanced_computing_machine,electronics
advanced_computing_machine,encryption_tech
advanced_computing_machine,decryption_tech
advanced_computing_machine,computing_tech
basic_encryption,electronics
basic_encryption,encryption_tech
improved_encryption,electronics
improved_encryption,encryption_tech
advanced_encryption,electronics
advanced_encryption,encryption_tech
basic_decryption,electronics
basic_decryption,decryption_tech
improved_decryption,electronics
improved_decryption,decryption_tech
advanced_decryption,electronics
advanced_decryption,decryption_tech
basic_fire_control_system,electronics
basic_fire_control_system,computing_tech
basic_fire_control_system,naval_equipment
improved_fire_control_system,electronics
improved_fire_control_system,computing_tech
improved_fire_control_system,naval_equipment
advanced_fire_control_system,electronics
advanced_fire_control_system,computing_tech
advanced_fire_control_system,naval_equipment
basic_fortification_tech,cat_fortification
land_fort_tech_1,cat_fortification
land_fort_tech_2,cat_fortification
coastal_fort_tech_1,cat_fortification
coastal_fort_tech_2,cat_fortification
experimental_rockets,rocketry
rocket_engines,rocketry
sp_rockets_improved_guidance,rocketry
sp_rockets_rocket_bomber,rocketry
sp_rockets_improved_rocket_bomber,rocketry
improved_rocket_engines,rocketry
advanced_rocket_engines,rocketry
jet_engines,rocketry
jet_engines,jet_technology
atomic_research,nuclear
nuclear_reactor,nuclear
nuclear_reactor_heavy_water,nuclear
nukes,nuclear
sp_rockets_dual_chamber_rocket_engine_1,rocketry
sp_rockets_dual_chamber_rocket_engine_2,rocketry
basic_machine_tools,industry
basic_machine_tools,cat_production
improved_machine_tools,industry
improved_machine_tools,cat_production
advanced_machine_tools,industry
advanced_machine_tools,cat_production
assembly_line_production,industry
assembly_line_production,cat_production
flexible_line,industry
flexible_line,cat_production
streamlined_line,industry
streamlined_line,cat_production
improved_equipment_conversion,industry
improved_equipment_conversion,cat_production
improved_equipment_conversion,construction_tech
improved_equipment_conversion,excavation_tech
advanced_equipment_conversion,industry
advanced_equipment_conversion,cat_production
advanced_equipment_conversion,construction_tech
advanced_equipment_conversion,excavation_tech
concentrated_industry,industry
concentrated_industry,concentrated_industry_category
concentrated_industry2,industry
concentrated_industry2,concentrated_industry_category
concentrated_industry3,industry
concentrated_industry3,concentrated_industry_category
concentrated_industry4,industry
concentrated_industry4,concentrated_industry_category
concentrated_industry5,industry
concentrated_industry5,concentrated_industry_category
dispersed_industry,industry
dispersed_industry,dispersed_industry_category
dispersed_industry2,industry
dispersed_industry2,dispersed_industry_category
dispersed_industry3,industry
dispersed_industry3,dispersed_industry_category
dispersed_industry4,industry
dispersed_industry4,dispersed_industry_category
dispersed_industry5,industry
dispersed_industry5,dispersed_industry_category
fuel_silos,industry
fuel_silos,synth_resources
fuel_refining,industry
fuel_refining,synth_resources
fuel_refining2,industry
fuel_refining2,synth_resources
fuel_refining3,industry
fuel_refining3,synth_resources
fuel_refining4,industry
fuel_refining4,synth_resources
fuel_refining5,industry
fuel_refining5,synth_resources
synth_oil_experiments,industry
synth_oil_experiments,synth_resources
synth_oil_experiments,cat_synth_oil
oil_processing,industry
oil_processing,synth_resources
oil_processing,cat_synth_oil
improved_oil_processing,industry
improved_oil_processing,synth_resources
improved_oil_processing,cat_synth_oil
advanced_oil_processing,industry
advanced_oil_processing,synth_resources
advanced_oil_processing,cat_synth_oil
modern_oil_processing,industry
modern_oil_processing,synth_resources
modern_oil_processing,cat_synth_oil
rubber_processing,industry
rubber_processing,synth_resources
rubber_processing,cat_synth_rubber
improved_rubber_processing,industry
improved_rubber_processing,synth_resources
improved_rubber_processing,cat_synth_rubber
advanced_rubber_processing,industry
advanced_rubber_processing,synth_resources
advanced_rubber_processing,cat_synth_rubber
modern_rubber_processing,industry
modern_rubber_processing,synth_resources
modern_rubber_processing,cat_synth_rubber
construction1,industry
construction1,construction_tech
excavation1,industry
excavation1,construction_tech
excavation1,excavation_tech
construction2,industry
construction2,construction_tech
excavation2,industry
excavation2,construction_tech
excavation2,excavation_tech
construction3,industry
construction3,construction_tech
excavation3,industry
excavation3,construction_tech
excavation3,excavation_tech
construction4,industry
construction4,construction_tech
excavation4,industry
excavation4,construction_tech
excavation4,excavation_tech
construction5,industry
construction5,construction_tech
excavation5,industry
excavation5,construction_tech
excavation5,excavation_tech
infantry_weapons,infantry_weapons
infantry_weapons1,infantry_weapons
infantry_weapons2,infantry_weapons
improved_infantry_weapons,infantry_weapons
improved_infantry_weapons_2,infantry_weapons
infantry_at,infantry_weapons
infantry_at2,infantry_weapons
advanced_infantry_weapons,infantry_weapons
advanced_infantry_weapons2,infantry_weapons
paratroopers,para_tech
paratroopers,cat_special_forces_generic
paratroopers2,para_tech
paratroopers2,cat_special_forces_generic
paratroopers3,para_tech
paratroopers3,cat_special_forces_generic
marines,marine_tech
marines,cat_special_forces_generic
marines2,marine_tech
marines2,cat_special_forces_generic
marines3,marine_tech
marines3,cat_special_forces_generic
tech_mountaineers,infantry_tech
tech_mountaineers,mountaineers_tech
tech_mountaineers,cat_special_forces_generic
tech_mountaineers2,infantry_tech
tech_mountaineers2,mountaineers_tech
tech_mountaineers2,cat_special_forces_generic
tech_mountaineers3,infantry_tech
tech_mountaineers3,mountaineers_tech
tech_mountaineers3,cat_special_forces_generic
rangers_tech,infantry_tech
rangers_tech,rangers_tech_cat
rangers_tech,cat_special_forces_generic
rangers_tech2,infantry_tech
rangers_tech2,rangers_tech_cat
rangers_tech2,cat_special_forces_generic
rangers_tech3,infantry_tech
rangers_tech3,rangers_tech_cat
rangers_tech3,cat_special_forces_generic
tech_special_forces,mountaineers_tech
tech_special_forces,marine_tech
tech_special_forces,para_tech
tech_special_forces,cat_special_forces_generic
advanced_special_forces,mountaineers_tech
advanced_special_forces,marine_tech
advanced_special_forces,para_tech
advanced_special_forces,cat_special_forces_generic
improved_special_forces,mountaineers_tech
improved_special_forces,marine_tech
improved_special_forces,para_tech
improved_special_forces,cat_special_forces_generic
extreme_environment_training,mountaineers_tech
extreme_environment_training,marine_tech
extreme_environment_training,para_tech
extreme_environment_training,cat_special_forces_generic
survival_training,mountaineers_tech
survival_training,marine_tech
survival_training,para_tech
survival_training,cat_special_forces_generic
elite_forces,mountaineers_tech
elite_forces,marine_tech
elite_forces,para_tech
elite_forces,cat_special_forces_generic
night_vision,night_vision
night_vision2,night_vision
support_weapons,infantry_weapons
support_weapons2,infantry_weapons
support_weapons3,infantry_weapons
support_weapons4,infantry_weapons
tech_trucks,motorized_equipment
tech_trucks,mio_cat_tech_all_motorized_mechanized
tech_trucks,infantry_tech
motorised_infantry,motorized_equipment
motorised_infantry,mio_cat_tech_all_motorized_mechanized
motorised_infantry,infantry_tech
motorized_rocket_unit,mot_rockets
motorized_rocket_unit,mio_cat_tech_all_motorized_mechanized
armored_car1,motorized_equipment
armored_car1,armor
armored_car1,cat_armored_cars
armored_car2,motorized_equipment
armored_car2,armor
armored_car2,cat_armored_cars
armored_car3,motorized_equipment
armored_car3,armor
armored_car3,cat_armored_cars
armored_car_at_upgrade,motorized_equipment
armored_car_at_upgrade,armor
armored_car_at_upgrade,cat_armored_cars
SWE_lynx_armored_car,motorized_equipment
SWE_lynx_armored_car,armor
SWE_lynx_armored_car,cat_armored_cars
mechanised_infantry,motorized_equipment
mechanised_infantry,mio_cat_tech_all_motorized_mechanized
mechanised_infantry,infantry_tech
mechanised_infantry,cat_mechanized_equipment
amphibious_mechanized_infantry,motorized_equipment
amphibious_mechanized_infantry,mio_cat_tech_all_motorized_mechanized
amphibious_mechanized_infantry,infantry_tech
amphibious_mechanized_infantry,cat_mechanized_equipment
amphibious_mechanized_infantry,tp_tech
amphibious_mechanized_infantry_2,motorized_equipment
amphibious_mechanized_infantry_2,mio_cat_tech_all_motorized_mechanized
amphibious_mechanized_infantry_2,infantry_tech
amphibious_mechanized_infantry_2,cat_mechanized_equipment
amphibious_mechanized_infantry_2,tp_tech
mechanised_infantry2,motorized_equipment
mechanised_infantry2,mio_cat_tech_all_motorized_mechanized
mechanised_infantry2,infantry_tech
mechanised_infantry2,cat_mechanized_equipment
mechanised_infantry3,motorized_equipment
mechanised_infantry3,mio_cat_tech_all_motorized_mechanized
mechanised_infantry3,infantry_tech
mechanised_infantry3,cat_mechanized_equipment
JAP_lighter_tanks,armor
GER_heavy_armored_car,motorized_equipment
GER_heavy_armored_car,armor
GER_heavy_armored_car,cat_armored_cars
early_destroyer,naval_equipment
early_destroyer,dd_tech
early_destroyer,mio_cat_tech_all_screen_ship_and_modules
early_destroyer,mio_cat_tech_all_destroyer_and_modules
basic_destroyer,naval_equipment
basic_destroyer,dd_tech
basic_destroyer,mio_cat_tech_all_screen_ship_and_modules
basic_destroyer,mio_cat_tech_all_destroyer_and_modules
improved_destroyer,naval_equipment
improved_destroyer,dd_tech
improved_destroyer,mio_cat_tech_all_screen_ship_and_modules
improved_destroyer,mio_cat_tech_all_destroyer_and_modules
advanced_destroyer,naval_equipment
advanced_destroyer,dd_tech
advanced_destroyer,mio_cat_tech_all_screen_ship_and_modules
advanced_destroyer,mio_cat_tech_all_destroyer_and_modules
early_light_cruiser,naval_artillery
early_light_cruiser,naval_equipment
early_light_cruiser,ca_tech
early_light_cruiser,mio_cat_tech_all_screen_ship_and_modules
early_light_cruiser,mio_cat_tech_all_cruiser_and_modules
basic_light_cruiser,naval_artillery
basic_light_cruiser,naval_equipment
basic_light_cruiser,ca_tech
basic_light_cruiser,mio_cat_tech_all_screen_ship_and_modules
basic_light_cruiser,mio_cat_tech_all_cruiser_and_modules
improved_light_cruiser,naval_artillery
improved_light_cruiser,naval_equipment
improved_light_cruiser,ca_tech
improved_light_cruiser,mio_cat_tech_all_screen_ship_and_modules
improved_light_cruiser,mio_cat_tech_all_cruiser_and_modules
advanced_light_cruiser,naval_artillery
advanced_light_cruiser,naval_equipment
advanced_light_cruiser,ca_tech
advanced_light_cruiser,mio_cat_tech_all_screen_ship_and_modules
advanced_light_cruiser,mio_cat_tech_all_cruiser_and_modules
early_heavy_cruiser,naval_artillery
early_heavy_cruiser,naval_equipment
early_heavy_cruiser,ca_tech
early_heavy_cruiser,mio_cat_tech_all_capital_ship_and_modules
early_heavy_cruiser,mio_cat_tech_all_cruiser_and_modules
basic_heavy_cruiser,naval_artillery
basic_heavy_cruiser,naval_equipment
basic_heavy_cruiser,ca_tech
basic_heavy_cruiser,mio_cat_tech_all_capital_ship_and_modules
basic_heavy_cruiser,mio_cat_tech_all_cruiser_and_modules
improved_heavy_cruiser,naval_artillery
improved_heavy_cruiser,naval_equipment
improved_heavy_cruiser,ca_tech
improved_heavy_cruiser,mio_cat_tech_all_capital_ship_and_modules
improved_heavy_cruiser,mio_cat_tech_all_cruiser_and_modules
advanced_heavy_cruiser,naval_artillery
advanced_heavy_cruiser,naval_equipment
advanced_heavy_cruiser,ca_tech
advanced_heavy_cruiser,mio_cat_tech_all_capital_ship_and_modules
advanced_heavy_cruiser,mio_cat_tech_all_cruiser_and_modules
early_battlecruiser,naval_artillery
early_battlecruiser,naval_equipment
early_battlecruiser,bc_tech
early_battlecruiser,mio_cat_tech_all_capital_ship_and_modules
basic_battlecruiser,naval_artillery
basic_battlecruiser,naval_equipment
basic_battlecruiser,bc_tech
basic_battlecruiser,mio_cat_tech_all_capital_ship_and_modules
early_battleship,naval_artillery
early_battleship,naval_equipment
early_battleship,bb_tech
early_battleship,mio_cat_tech_all_capital_ship_and_modules
basic_battleship,naval_artillery
basic_battleship,naval_equipment
basic_battleship,bb_tech
basic_battleship,mio_cat_tech_all_capital_ship_and_modules
improved_battleship,naval_artillery
improved_battleship,naval_equipment
improved_battleship,bb_tech
improved_battleship,mio_cat_tech_all_capital_ship_and_modules
advanced_battleship,naval_artillery
advanced_battleship,naval_equipment
advanced_battleship,bb_tech
advanced_battleship,mio_cat_tech_all_capital_ship_and_modules
heavy_battleship,naval_equipment
heavy_battleship,shbb_tech
heavy_battleship,mio_cat_tech_all_capital_ship_and_modules
heavy_battleship2,naval_equipment
heavy_battleship2,shbb_tech
heavy_battleship2,mio_cat_tech_all_capital_ship_and_modules
transport,naval_equipment
transport,tp_tech
landing_craft,naval_equipment
landing_craft,tp_tech
tank_landing_craft,naval_equipment
tank_landing_craft,tp_tech
early_carrier,naval_equipment
early_carrier,cv_tech
early_carrier,mio_cat_tech_all_carrier_and_modules
basic_carrier,naval_equipment
basic_carrier,cv_tech
basic_carrier,mio_cat_tech_all_carrier_and_modules
improved_carrier,naval_equipment
improved_carrier,cv_tech
improved_carrier,mio_cat_tech_all_carrier_and_modules
advanced_carrier,naval_equipment
advanced_carrier,cv_tech
advanced_carrier,mio_cat_tech_all_carrier_and_modules
early_submarine,naval_equipment
early_submarine,ss_tech
early_submarine,mio_cat_tech_all_submarine_and_modules
basic_submarine,naval_equipment
basic_submarine,ss_tech
basic_submarine,mio_cat_tech_all_submarine_and_modules
improved_submarine,naval_equipment
improved_submarine,ss_tech
improved_submarine,mio_cat_tech_all_submarine_and_modules
advanced_submarine,naval_equipment
advanced_submarine,ss_tech
advanced_submarine,mio_cat_tech_all_submarine_and_modules
special_forces_mountaineers,special_forces_doctrine
special_forces_mountaineers,cat_mountaineers_doctrine
ski_troops,special_forces_doctrine
ski_troops,cat_mountaineers_doctrine
rangers,special_forces_doctrine
rangers,cat_mountaineers_doctrine
special_forces_recon,special_forces_doctrine
special_forces_recon,cat_mountaineers_doctrine
mountaineers_combat_1,special_forces_doctrine
mountaineers_combat_1,cat_mountaineers_doctrine
mountaineers_combat_2,special_forces_doctrine
mountaineers_combat_2,cat_mountaineers_doctrine
mountaineers_combat_3,special_forces_doctrine
mountaineers_combat_3,cat_mountaineers_doctrine
mountaineers_keystone_1,special_forces_doctrine
mountaineers_keystone_1,cat_mountaineers_doctrine
mountaineers_keystone_2,special_forces_doctrine
mountaineers_keystone_2,cat_mountaineers_doctrine
special_forces_marines,special_forces_doctrine
special_forces_marines,cat_marines_doctrine
marines_jungle_troops,special_forces_doctrine
marines_jungle_troops,cat_marines_doctrine
marines_shore_parties,special_forces_doctrine
marines_shore_parties,cat_marines_doctrine
marines_recon,special_forces_doctrine
marines_recon,cat_marines_doctrine
marines_commandoes,special_forces_doctrine
marines_commandoes,cat_marines_doctrine
marines_expeditionary,special_forces_doctrine
marines_expeditionary,cat_marines_doctrine
marines_commandos_demolition,special_forces_doctrine
marines_commandos_demolition,cat_marines_doctrine
marines_expeditionary_blowtorch,special_forces_doctrine
marines_expeditionary_blowtorch,cat_marines_doctrine
marines_commandoes_mechanised,special_forces_doctrine
marines_commandoes_mechanised,cat_marines_doctrine
marines_expeditionary_support,special_forces_doctrine
marines_expeditionary_support,cat_marines_doctrine
special_forces_paratroopers,special_forces_doctrine
special_forces_paratroopers,cat_paratroopers_doctrine
paras_dispersed_drop,special_forces_doctrine
paras_dispersed_drop,cat_paratroopers_doctrine
paras_combat_drop,special_forces_doctrine
paras_combat_drop,cat_paratroopers_doctrine
paras_airborne_light_armor,special_forces_doctrine
paras_airborne_light_armor,cat_paratroopers_doctrine
paras_combat_1,special_forces_doctrine
paras_combat_1,cat_paratroopers_doctrine
paras_combat_2,special_forces_doctrine
paras_combat_2,cat_paratroopers_doctrine
paras_bonus_1,special_forces_doctrine
paras_bonus_1,cat_paratroopers_doctrine
paras_bonus_2,special_forces_doctrine
paras_bonus_2,cat_paratroopers_doctrine
paras_keystone_1,special_forces_doctrine
paras_keystone_1,cat_paratroopers_doctrine
paras_keystone_2,special_forces_doctrine
paras_keystone_2,cat_paratroopers_doctrine
special_forces_rangers,special_forces_doctrine
special_forces_rangers,cat_rangers_doctrine
rangers_jaegers_training,special_forces_doctrine
rangers_jaegers_training,cat_rangers_doctrine
rangers_jungle_training,special_forces_doctrine
rangers_jungle_training,cat_rangers_doctrine
rangers_guerilla_doctrine,special_forces_doctrine
rangers_guerilla_doctrine,cat_rangers_doctrine
rangers_recon_terrain_training,special_forces_doctrine
rangers_recon_terrain_training,cat_rangers_doctrine
rangers_fire_support_integration,special_forces_doctrine
rangers_fire_support_integration,cat_rangers_doctrine
rangers_urban_combat,special_forces_doctrine
rangers_urban_combat,cat_rangers_doctrine
elite_rangers_doctrine,special_forces_doctrine
elite_rangers_doctrine,cat_rangers_doctrine
rangers_backbone_doctrine,special_forces_doctrine
rangers_backbone_doctrine,cat_rangers_doctrine
isotope_separation_centrifugal,nuclear
thermonuclear_bombs,nuclear
tech_support,support_tech
tech_engineers,support_tech
tech_engineers,engineers_tech
tech_engineers2,support_tech
tech_engineers2,engineers_tech
tech_engineers3,support_tech
tech_engineers3,engineers_tech
tech_engineers4,support_tech
tech_engineers4,engineers_tech
tech_recon,support_tech
tech_recon,recon_tech
tech_recon2,support_tech
tech_recon2,recon_tech
tech_recon3,support_tech
tech_recon3,recon_tech
tech_recon4,support_tech
tech_recon4,recon_tech
tech_military_police,support_tech
tech_military_police,military_police_tech
tech_military_police2,support_tech
tech_military_police2,military_police_tech
tech_military_police3,support_tech
tech_military_police3,military_police_tech
tech_military_police4,support_tech
tech_military_police4,military_police_tech
tech_maintenance_company,support_tech
tech_maintenance_company,maintenance_company_tech
tech_maintenance_company2,support_tech
tech_maintenance_company2,maintenance_company_tech
tech_maintenance_company3,support_tech
tech_maintenance_company3,maintenance_company_tech
tech_maintenance_company4,support_tech
tech_maintenance_company4,maintenance_company_tech
tech_field_hospital,support_tech
tech_field_hospital,hospital_tech
tech_field_hospital,motorized_equipment
tech_field_hospital,mio_cat_tech_all_motorized_mechanized
tech_field_hospital2,support_tech
tech_field_hospital2,hospital_tech
tech_field_hospital2,motorized_equipment
tech_field_hospital2,mio_cat_tech_all_motorized_mechanized
tech_field_hospital3,support_tech
tech_field_hospital3,hospital_tech
tech_field_hospital3,motorized_equipment
tech_field_hospital3,mio_cat_tech_all_motorized_mechanized
tech_field_hospital4,support_tech
tech_field_hospital4,hospital_tech
tech_field_hospital4,motorized_equipment
tech_field_hospital4,mio_cat_tech_all_motorized_mechanized
tech_logistics_company,support_tech
tech_logistics_company,logistics_tech
tech_logistics_company,motorized_equipment
tech_logistics_company,mio_cat_tech_all_motorized_mechanized
tech_logistics_company2,support_tech
tech_logistics_company2,logistics_tech
tech_logistics_company2,motorized_equipment
tech_logistics_company2,mio_cat_tech_all_motorized_mechanized
tech_logistics_company3,support_tech
tech_logistics_company3,logistics_tech
tech_logistics_company3,motorized_equipment
tech_logistics_company3,mio_cat_tech_all_motorized_mechanized
tech_logistics_company4,support_tech
tech_logistics_company4,logistics_tech
tech_logistics_company4,motorized_equipment
tech_logistics_company4,mio_cat_tech_all_motorized_mechanized
tech_signal_company,support_tech
tech_signal_company,signal_company_tech
tech_signal_company,electronics
tech_signal_company2,support_tech
tech_signal_company2,signal_company_tech
tech_signal_company2,electronics
tech_signal_company3,support_tech
tech_signal_company3,signal_company_tech
tech_signal_company3,electronics
tech_signal_company4,support_tech
tech_signal_company4,signal_company_tech
tech_signal_company4,electronics
basic_train,train_tech
railway_gun,train_tech
railway_gun,artillery
wartime_train,train_tech
armored_train,train_tech
tech_recon_focus_bonus,support_tech
tech_recon_focus_bonus,recon_tech
sp_armored_engineer_tech,support_tech
sp_armored_engineer_tech,engineers_tech
sp_armored_maintenance_tech,support_tech
sp_armored_maintenance_tech,maintenance_company_tech
sp_armored_signal_tech,support_tech
sp_armored_signal_tech,signal_company_tech
sp_armored_signal_tech,electronics
sp_helicopter_transport_pods_tech,support_tech
sp_helicopter_transport_pods_tech,logistics_tech
sp_helicopter_transport_pods_tech,helicopter_tech
sp_helicopter_artillery_observers_tech,support_tech
sp_helicopter_artillery_observers_tech,recon_tech
sp_helicopter_artillery_observers_tech,helicopter_tech
sp_helicopter_med_evac_tech,support_tech
sp_helicopter_med_evac_tech,hospital_tech
sp_helicopter_med_evac_tech,helicopter_tech
sp_armored_motorized_military_police_tech,support_tech
sp_armored_motorized_military_police_tech,military_police_tech
